brand,name,price,delivery,availability,url
Kadence,"Kadence rosewood Guitar Frontier Series, Electric Acoustic Black Guitar With EQ, Die Cast Keys, Set Of Strings, Strap, Picks And Bag (Black EQ, Electric Acoustic)","4,899","Monday, 29 April",In stock,https://www.amazon.in/sspa/click?ie=UTF8&spc=MTo0NzQxMDQyOTM1NzkxMTc6MTcxNDIxNjYzMDpzcF9hdGY6MzAwMDE1NTM3OTc5MjMyOjowOjo&url=%2FKadence-Frontier-Acoustic-Guitar-Strings%2Fdp%2FB078GTJP5Y%2Fref%3Dsr_1_1_sspa%3Fdib%3DeyJ2IjoiMSJ9.H_dE0w8OHcmESxseNpLSv0nvWr0JMhazIQ9MvjPhIkuhKueS755oeD551GNy1OU2BpJAkKdfM4cIvL3PNwh0ImV8Qx0NvGFNZWfUFLdJzA6gf0A2nfm5ROwrPEXKKYLYo5pjIuXbR3xRuMpXRX1nNjXPMUY9cHHaJa30BTGK4Bx9KDu_2zQSKyp-_sUqdBwZ3QIqfuEI8gXmQB2OcHs_OkoRbl83VidsEmXmqMXkau6Z3vEACKUQEU5sPVobJOWG0igyaA-CLvwrcUIMKiU9PSuttCEh4z_mwH8MxU-0B54.jxPnOLXHw19xmf2sGdm1dckVPSIsrY9p2QHh9N-X6Bc%26dib_tag%3Dse%26keywords%3Dguitar%26qid%3D1714216630%26sr%3D8-1-spons%26sp_csd%3Dd2lkZ2V0TmFtZT1zcF9hdGY%26psc%3D1
Kadence,"Kadence Frontier guitar with Online Guitar learning course , Wine Red Acoustic Guitar with Die Cast Keys, Set of Strings, Strap, Picks and Bag (Wine Red, Acoustic)","4,799","Monday, 29 April",In stock,https://www.amazon.in/sspa/click?ie=UTF8&spc=MTo0NzQxMDQyOTM1NzkxMTc6MTcxNDIxNjYzMDpzcF9hdGY6MjAwOTY2MDg3NTA0OTg6OjA6Og&url=%2FKadence-Frontier-Acoustic-Guitar-Strings%2Fdp%2FB01GDZ46AA%2Fref%3Dsr_1_2_sspa%3Fdib%3DeyJ2IjoiMSJ9.H_dE0w8OHcmESxseNpLSv0nvWr0JMhazIQ9MvjPhIkuhKueS755oeD551GNy1OU2BpJAkKdfM4cIvL3PNwh0ImV8Qx0NvGFNZWfUFLdJzA6gf0A2nfm5ROwrPEXKKYLYo5pjIuXbR3xRuMpXRX1nNjXPMUY9cHHaJa30BTGK4Bx9KDu_2zQSKyp-_sUqdBwZ3QIqfuEI8gXmQB2OcHs_OkoRbl83VidsEmXmqMXkau6Z3vEACKUQEU5sPVobJOWG0igyaA-CLvwrcUIMKiU9PSuttCEh4z_mwH8MxU-0B54.jxPnOLXHw19xmf2sGdm1dckVPSIsrY9p2QHh9N-X6Bc%26dib_tag%3Dse%26keywords%3Dguitar%26qid%3D1714216630%26sr%3D8-2-spons%26sp_csd%3Dd2lkZ2V0TmFtZT1zcF9hdGY%26psc%3D1
Kadence,"Kadence Slowhand Premium Jumbo Semi Acoustic Guitar with Heavy Padded Bag, guitar cable, Pro Capo (Black Spruce Wood)","9,999","Monday, 29 April",In stock,https://www.amazon.in/sspa/click?ie=UTF8&spc=MTo0NzQxMDQyOTM1NzkxMTc6MTcxNDIxNjYzMDpzcF9hdGY6MjAwNTcxOTMwNTYyMDQ6OjA6Og&url=%2FKadence-Slowhand-Premium-Acoustic-Instrument%2Fdp%2FB077SZ667X%2Fref%3Dsr_1_3_sspa%3Fdib%3DeyJ2IjoiMSJ9.H_dE0w8OHcmESxseNpLSv0nvWr0JMhazIQ9MvjPhIkuhKueS755oeD551GNy1OU2BpJAkKdfM4cIvL3PNwh0ImV8Qx0NvGFNZWfUFLdJzA6gf0A2nfm5ROwrPEXKKYLYo5pjIuXbR3xRuMpXRX1nNjXPMUY9cHHaJa30BTGK4Bx9KDu_2zQSKyp-_sUqdBwZ3QIqfuEI8gXmQB2OcHs_OkoRbl83VidsEmXmqMXkau6Z3vEACKUQEU5sPVobJOWG0igyaA-CLvwrcUIMKiU9PSuttCEh4z_mwH8MxU-0B54.jxPnOLXHw19xmf2sGdm1dckVPSIsrY9p2QHh9N-X6Bc%26dib_tag%3Dse%26keywords%3Dguitar%26qid%3D1714216630%26sr%3D8-3-spons%26sp_csd%3Dd2lkZ2V0TmFtZT1zcF9hdGY%26psc%3D1
Henrix,"Henrix 38C 38 Inch Cutaway Acoustic Guitar With Dual Action Truss Rod, Gigbag, Picks, String Set, String Winder, Strap, Polishing Cloth & Ebook - Black","3,199","Monday, 29 April",In stock,https://www.amazon.in/sspa/click?ie=UTF8&spc=MTo0NzQxMDQyOTM1NzkxMTc6MTcxNDIxNjYzMDpzcF9hdGY6MjAwODg0NjU4MTk0MDQ6OjA6Og&url=%2FHenrix-Acoustic-Guitar-Die-cast-Dual-action%2Fdp%2FB07VNDW6QF%2Fref%3Dsr_1_4_sspa%3Fdib%3DeyJ2IjoiMSJ9.H_dE0w8OHcmESxseNpLSv0nvWr0JMhazIQ9MvjPhIkuhKueS755oeD551GNy1OU2BpJAkKdfM4cIvL3PNwh0ImV8Qx0NvGFNZWfUFLdJzA6gf0A2nfm5ROwrPEXKKYLYo5pjIuXbR3xRuMpXRX1nNjXPMUY9cHHaJa30BTGK4Bx9KDu_2zQSKyp-_sUqdBwZ3QIqfuEI8gXmQB2OcHs_OkoRbl83VidsEmXmqMXkau6Z3vEACKUQEU5sPVobJOWG0igyaA-CLvwrcUIMKiU9PSuttCEh4z_mwH8MxU-0B54.jxPnOLXHw19xmf2sGdm1dckVPSIsrY9p2QHh9N-X6Bc%26dib_tag%3Dse%26keywords%3Dguitar%26qid%3D1714216630%26sr%3D8-4-spons%26sp_csd%3Dd2lkZ2V0TmFtZT1zcF9hdGY%26psc%3D1
JUAREZ,"Juârez Acoustic Guitar Kit, 38 Inch Cutaway, 038C with Bag, Strings, Pick and Strap, Black","2,199","Monday, 29 April",In stock,https://www.amazon.in/Juarez-Acoustic-Cutaway-038C-Strings/dp/B017NPCSLI/ref=sr_1_5?dib=eyJ2IjoiMSJ9.H_dE0w8OHcmESxseNpLSv0nvWr0JMhazIQ9MvjPhIkuhKueS755oeD551GNy1OU2BpJAkKdfM4cIvL3PNwh0ImV8Qx0NvGFNZWfUFLdJzA6gf0A2nfm5ROwrPEXKKYLYo5pjIuXbR3xRuMpXRX1nNjXPMUY9cHHaJa30BTGK4Bx9KDu_2zQSKyp-_sUqdBwZ3QIqfuEI8gXmQB2OcHs_OkoRbl83VidsEmXmqMXkau6Z3vEACKUQEU5sPVobJOWG0igyaA-CLvwrcUIMKiU9PSuttCEh4z_mwH8MxU-0B54.jxPnOLXHw19xmf2sGdm1dckVPSIsrY9p2QHh9N-X6Bc&dib_tag=se&keywords=guitar&qid=1714216630&sr=8-5
Intern,"Intern INT-38C Right hand Acoustic Guitar Kit, With Bag, Strings, Pick And Strap, Black, small","2,199","Monday, 29 April",In stock,https://www.amazon.in/Intern-INT-38C-Acoustic-Guitar-Black/dp/B073B6TQQY/ref=sr_1_6?dib=eyJ2IjoiMSJ9.H_dE0w8OHcmESxseNpLSv0nvWr0JMhazIQ9MvjPhIkuhKueS755oeD551GNy1OU2BpJAkKdfM4cIvL3PNwh0ImV8Qx0NvGFNZWfUFLdJzA6gf0A2nfm5ROwrPEXKKYLYo5pjIuXbR3xRuMpXRX1nNjXPMUY9cHHaJa30BTGK4Bx9KDu_2zQSKyp-_sUqdBwZ3QIqfuEI8gXmQB2OcHs_OkoRbl83VidsEmXmqMXkau6Z3vEACKUQEU5sPVobJOWG0igyaA-CLvwrcUIMKiU9PSuttCEh4z_mwH8MxU-0B54.jxPnOLXHw19xmf2sGdm1dckVPSIsrY9p2QHh9N-X6Bc&dib_tag=se&keywords=guitar&qid=1714216630&sr=8-6
JUAREZ,"Juârez Acoustic Guitar, 38 Inch Cutaway, 038C with Bag, Strings, Pick and Strap, Black (Acoustic Guitar Kit, FUNKY)","2,199","Monday, 29 April",In stock,https://www.amazon.in/Ju%C3%A2rez-Acoustic-Guitar-Cutaway-Strings/dp/B0BCQNLXVM/ref=sr_1_7?dib=eyJ2IjoiMSJ9.H_dE0w8OHcmESxseNpLSv0nvWr0JMhazIQ9MvjPhIkuhKueS755oeD551GNy1OU2BpJAkKdfM4cIvL3PNwh0ImV8Qx0NvGFNZWfUFLdJzA6gf0A2nfm5ROwrPEXKKYLYo5pjIuXbR3xRuMpXRX1nNjXPMUY9cHHaJa30BTGK4Bx9KDu_2zQSKyp-_sUqdBwZ3QIqfuEI8gXmQB2OcHs_OkoRbl83VidsEmXmqMXkau6Z3vEACKUQEU5sPVobJOWG0igyaA-CLvwrcUIMKiU9PSuttCEh4z_mwH8MxU-0B54.jxPnOLXHw19xmf2sGdm1dckVPSIsrY9p2QHh9N-X6Bc&dib_tag=se&keywords=guitar&qid=1714216630&sr=8-7
JUAREZ,"Juârez Acoustic Guitar, 38 Inch Cutaway, 038C with Bag, Strings, Pick and Strap, Black (Acoustic Guitar Kit, Red Sunburst)","2,199","Monday, 29 April",In stock,https://www.amazon.in/Acoustic-Cutaway-RDS-Strings-Sunburst/dp/B076QGY91P/ref=sr_1_8?dib=eyJ2IjoiMSJ9.H_dE0w8OHcmESxseNpLSv0nvWr0JMhazIQ9MvjPhIkuhKueS755oeD551GNy1OU2BpJAkKdfM4cIvL3PNwh0ImV8Qx0NvGFNZWfUFLdJzA6gf0A2nfm5ROwrPEXKKYLYo5pjIuXbR3xRuMpXRX1nNjXPMUY9cHHaJa30BTGK4Bx9KDu_2zQSKyp-_sUqdBwZ3QIqfuEI8gXmQB2OcHs_OkoRbl83VidsEmXmqMXkau6Z3vEACKUQEU5sPVobJOWG0igyaA-CLvwrcUIMKiU9PSuttCEh4z_mwH8MxU-0B54.jxPnOLXHw19xmf2sGdm1dckVPSIsrY9p2QHh9N-X6Bc&dib_tag=se&keywords=guitar&qid=1714216630&sr=8-8
Medellin,"Medellin 38” Acoustic Guitar with (free learning course), Matt finish, Picks (Black)","1,849","Monday, 29 April",In stock,https://www.amazon.in/Medellin-Acoustic-Guitar-learning-course/dp/B0CGRX6ZMF/ref=sr_1_9?dib=eyJ2IjoiMSJ9.H_dE0w8OHcmESxseNpLSv0nvWr0JMhazIQ9MvjPhIkuhKueS755oeD551GNy1OU2BpJAkKdfM4cIvL3PNwh0ImV8Qx0NvGFNZWfUFLdJzA6gf0A2nfm5ROwrPEXKKYLYo5pjIuXbR3xRuMpXRX1nNjXPMUY9cHHaJa30BTGK4Bx9KDu_2zQSKyp-_sUqdBwZ3QIqfuEI8gXmQB2OcHs_OkoRbl83VidsEmXmqMXkau6Z3vEACKUQEU5sPVobJOWG0igyaA-CLvwrcUIMKiU9PSuttCEh4z_mwH8MxU-0B54.jxPnOLXHw19xmf2sGdm1dckVPSIsrY9p2QHh9N-X6Bc&dib_tag=se&keywords=guitar&qid=1714216630&sr=8-9
JUAREZ,"Juârez Acoustic Guitar, 38 Inch Cutaway, 038C with Bag, Strings, Pick and Strap, Black (Acoustic Guitar Kit, BLUE SUNBURST)","2,199","Monday, 29 April",In stock,https://www.amazon.in/JUAREZ-JRZ38C-Acoustic-Sunburst-Strings/dp/B01FYYTDS6/ref=sr_1_10?dib=eyJ2IjoiMSJ9.H_dE0w8OHcmESxseNpLSv0nvWr0JMhazIQ9MvjPhIkuhKueS755oeD551GNy1OU2BpJAkKdfM4cIvL3PNwh0ImV8Qx0NvGFNZWfUFLdJzA6gf0A2nfm5ROwrPEXKKYLYo5pjIuXbR3xRuMpXRX1nNjXPMUY9cHHaJa30BTGK4Bx9KDu_2zQSKyp-_sUqdBwZ3QIqfuEI8gXmQB2OcHs_OkoRbl83VidsEmXmqMXkau6Z3vEACKUQEU5sPVobJOWG0igyaA-CLvwrcUIMKiU9PSuttCEh4z_mwH8MxU-0B54.jxPnOLXHw19xmf2sGdm1dckVPSIsrY9p2QHh9N-X6Bc&dib_tag=se&keywords=guitar&qid=1714216630&sr=8-10
Medellin,"Medellin 38"" Blue Acoustic Guitar premium wood with free online learning course, Set Of Strings, Strap, Bag and 3 Picks","1,849","Monday, 29 April",In stock,https://www.amazon.in/Medellin-MED-BLU-C-Linden-Acoustic-Guitar/dp/B07NBMWHJW/ref=sr_1_11?dib=eyJ2IjoiMSJ9.H_dE0w8OHcmESxseNpLSv0nvWr0JMhazIQ9MvjPhIkuhKueS755oeD551GNy1OU2BpJAkKdfM4cIvL3PNwh0ImV8Qx0NvGFNZWfUFLdJzA6gf0A2nfm5ROwrPEXKKYLYo5pjIuXbR3xRuMpXRX1nNjXPMUY9cHHaJa30BTGK4Bx9KDu_2zQSKyp-_sUqdBwZ3QIqfuEI8gXmQB2OcHs_OkoRbl83VidsEmXmqMXkau6Z3vEACKUQEU5sPVobJOWG0igyaA-CLvwrcUIMKiU9PSuttCEh4z_mwH8MxU-0B54.jxPnOLXHw19xmf2sGdm1dckVPSIsrY9p2QHh9N-X6Bc&dib_tag=se&keywords=guitar&qid=1714216630&sr=8-11
JUAREZ,"Juârez Acoustic Guitar, 38 Inch Cutaway, 038C with Bag, Strings, Pick and Strap, Black (Acoustic Guitar Kit, SUNBURST)","2,199","Monday, 29 April",In stock,https://www.amazon.in/JUAREZ-JRZ38C-Acoustic-Sunburst-Strings/dp/B01FYYTDTU/ref=sr_1_12?dib=eyJ2IjoiMSJ9.H_dE0w8OHcmESxseNpLSv0nvWr0JMhazIQ9MvjPhIkuhKueS755oeD551GNy1OU2BpJAkKdfM4cIvL3PNwh0ImV8Qx0NvGFNZWfUFLdJzA6gf0A2nfm5ROwrPEXKKYLYo5pjIuXbR3xRuMpXRX1nNjXPMUY9cHHaJa30BTGK4Bx9KDu_2zQSKyp-_sUqdBwZ3QIqfuEI8gXmQB2OcHs_OkoRbl83VidsEmXmqMXkau6Z3vEACKUQEU5sPVobJOWG0igyaA-CLvwrcUIMKiU9PSuttCEh4z_mwH8MxU-0B54.jxPnOLXHw19xmf2sGdm1dckVPSIsrY9p2QHh9N-X6Bc&dib_tag=se&keywords=guitar&qid=1714216630&sr=8-12
YAMAHA,"Yamaha F280 Acoustic Rosewood Guitar (Natural, Beige)","7,399","Tuesday, 30 April",In stock,https://www.amazon.in/Yamaha-F280-Acoustic-Guitar-Natural/dp/B08317Y4VP/ref=sr_1_13?dib=eyJ2IjoiMSJ9.H_dE0w8OHcmESxseNpLSv0nvWr0JMhazIQ9MvjPhIkuhKueS755oeD551GNy1OU2BpJAkKdfM4cIvL3PNwh0ImV8Qx0NvGFNZWfUFLdJzA6gf0A2nfm5ROwrPEXKKYLYo5pjIuXbR3xRuMpXRX1nNjXPMUY9cHHaJa30BTGK4Bx9KDu_2zQSKyp-_sUqdBwZ3QIqfuEI8gXmQB2OcHs_OkoRbl83VidsEmXmqMXkau6Z3vEACKUQEU5sPVobJOWG0igyaA-CLvwrcUIMKiU9PSuttCEh4z_mwH8MxU-0B54.jxPnOLXHw19xmf2sGdm1dckVPSIsrY9p2QHh9N-X6Bc&dib_tag=se&keywords=guitar&qid=1714216630&sr=8-13
JUAREZ,"Juarez Acoustic Guitar, 38 Inch Cutaway, JRZ38C/TBLSNA TRANSPARENT BLUE SUNBURST","1,899","Monday, 29 April",In stock,https://www.amazon.in/JUAREZ-JRZ38C-TBLSNA/dp/B0BCQKQ6CS/ref=sr_1_14?dib=eyJ2IjoiMSJ9.H_dE0w8OHcmESxseNpLSv0nvWr0JMhazIQ9MvjPhIkuhKueS755oeD551GNy1OU2BpJAkKdfM4cIvL3PNwh0ImV8Qx0NvGFNZWfUFLdJzA6gf0A2nfm5ROwrPEXKKYLYo5pjIuXbR3xRuMpXRX1nNjXPMUY9cHHaJa30BTGK4Bx9KDu_2zQSKyp-_sUqdBwZ3QIqfuEI8gXmQB2OcHs_OkoRbl83VidsEmXmqMXkau6Z3vEACKUQEU5sPVobJOWG0igyaA-CLvwrcUIMKiU9PSuttCEh4z_mwH8MxU-0B54.jxPnOLXHw19xmf2sGdm1dckVPSIsrY9p2QHh9N-X6Bc&dib_tag=se&keywords=guitar&qid=1714216630&sr=8-14
Kadence,"Kadence rosewood Guitar Frontier Series, Electric Acoustic Black Guitar With EQ, Die Cast Keys, Set Of Strings, Strap, Picks And Bag (Black EQ, Electric Acoustic)","4,899","Monday, 29 April",In stock,https://www.amazon.in/Kadence-Frontier-Acoustic-Guitar-Strings/dp/B078GTJP5Y/ref=sr_1_15?dib=eyJ2IjoiMSJ9.H_dE0w8OHcmESxseNpLSv0nvWr0JMhazIQ9MvjPhIkuhKueS755oeD551GNy1OU2BpJAkKdfM4cIvL3PNwh0ImV8Qx0NvGFNZWfUFLdJzA6gf0A2nfm5ROwrPEXKKYLYo5pjIuXbR3xRuMpXRX1nNjXPMUY9cHHaJa30BTGK4Bx9KDu_2zQSKyp-_sUqdBwZ3QIqfuEI8gXmQB2OcHs_OkoRbl83VidsEmXmqMXkau6Z3vEACKUQEU5sPVobJOWG0igyaA-CLvwrcUIMKiU9PSuttCEh4z_mwH8MxU-0B54.jxPnOLXHw19xmf2sGdm1dckVPSIsrY9p2QHh9N-X6Bc&dib_tag=se&keywords=guitar&qid=1714216630&sr=8-15
JUAREZ,"Juarez Lindenwood Acoustic Guitar, 38 Inches Cutaway, Jrz38C With Bag, Strings, Pick And Strap, Blue","2,199","Monday, 29 April",In stock,https://www.amazon.in/JUAREZ-JRZ38C-Handed-Acoustic-Strings/dp/B01FYYTDX6/ref=sr_1_16?dib=eyJ2IjoiMSJ9.H_dE0w8OHcmESxseNpLSv0nvWr0JMhazIQ9MvjPhIkuhKueS755oeD551GNy1OU2BpJAkKdfM4cIvL3PNwh0ImV8Qx0NvGFNZWfUFLdJzA6gf0A2nfm5ROwrPEXKKYLYo5pjIuXbR3xRuMpXRX1nNjXPMUY9cHHaJa30BTGK4Bx9KDu_2zQSKyp-_sUqdBwZ3QIqfuEI8gXmQB2OcHs_OkoRbl83VidsEmXmqMXkau6Z3vEACKUQEU5sPVobJOWG0igyaA-CLvwrcUIMKiU9PSuttCEh4z_mwH8MxU-0B54.jxPnOLXHw19xmf2sGdm1dckVPSIsrY9p2QHh9N-X6Bc&dib_tag=se&keywords=guitar&qid=1714216630&sr=8-16
Henrix,"Henrix 38C 38 Inch Cutaway Acoustic Guitar With Dual Action Truss Rod, Gigbag, Picks, String Set, String Winder, Strap, Polishing Cloth & Ebook - Black","3,199","Monday, 29 April",In stock,https://www.amazon.in/Henrix-Acoustic-Guitar-Die-cast-Dual-action/dp/B07VNDW6QF/ref=sr_1_17?dib=eyJ2IjoiMSJ9.H_dE0w8OHcmESxseNpLSv0nvWr0JMhazIQ9MvjPhIkuhKueS755oeD551GNy1OU2BpJAkKdfM4cIvL3PNwh0ImV8Qx0NvGFNZWfUFLdJzA6gf0A2nfm5ROwrPEXKKYLYo5pjIuXbR3xRuMpXRX1nNjXPMUY9cHHaJa30BTGK4Bx9KDu_2zQSKyp-_sUqdBwZ3QIqfuEI8gXmQB2OcHs_OkoRbl83VidsEmXmqMXkau6Z3vEACKUQEU5sPVobJOWG0igyaA-CLvwrcUIMKiU9PSuttCEh4z_mwH8MxU-0B54.jxPnOLXHw19xmf2sGdm1dckVPSIsrY9p2QHh9N-X6Bc&dib_tag=se&keywords=guitar&qid=1714216630&sr=8-17
JUAREZ,"Juârez Acoustic Guitar, 38 Inch Cutaway, 038C with Bag, Strings, Pick and Strap, Black (41INCH KIT, Black)","2,759","Monday, 29 April",In stock,https://www.amazon.in/Acoustic-Strings-Rosette-Rosewood-Fretboard/dp/B09FPQX7RN/ref=sr_1_18?dib=eyJ2IjoiMSJ9.H_dE0w8OHcmESxseNpLSv0nvWr0JMhazIQ9MvjPhIkuhKueS755oeD551GNy1OU2BpJAkKdfM4cIvL3PNwh0ImV8Qx0NvGFNZWfUFLdJzA6gf0A2nfm5ROwrPEXKKYLYo5pjIuXbR3xRuMpXRX1nNjXPMUY9cHHaJa30BTGK4Bx9KDu_2zQSKyp-_sUqdBwZ3QIqfuEI8gXmQB2OcHs_OkoRbl83VidsEmXmqMXkau6Z3vEACKUQEU5sPVobJOWG0igyaA-CLvwrcUIMKiU9PSuttCEh4z_mwH8MxU-0B54.jxPnOLXHw19xmf2sGdm1dckVPSIsrY9p2QHh9N-X6Bc&dib_tag=se&keywords=guitar&qid=1714216630&sr=8-18
JUAREZ,"Juarez Acoustic Guitar, 38 Inch Cutaway, JRZ38C/BKNA Black","1,899","Monday, 29 April",In stock,https://www.amazon.in/JUAREZ-JRZ38C-BKNA/dp/B0BCQNVPRB/ref=sr_1_19?dib=eyJ2IjoiMSJ9.H_dE0w8OHcmESxseNpLSv0nvWr0JMhazIQ9MvjPhIkuhKueS755oeD551GNy1OU2BpJAkKdfM4cIvL3PNwh0ImV8Qx0NvGFNZWfUFLdJzA6gf0A2nfm5ROwrPEXKKYLYo5pjIuXbR3xRuMpXRX1nNjXPMUY9cHHaJa30BTGK4Bx9KDu_2zQSKyp-_sUqdBwZ3QIqfuEI8gXmQB2OcHs_OkoRbl83VidsEmXmqMXkau6Z3vEACKUQEU5sPVobJOWG0igyaA-CLvwrcUIMKiU9PSuttCEh4z_mwH8MxU-0B54.jxPnOLXHw19xmf2sGdm1dckVPSIsrY9p2QHh9N-X6Bc&dib_tag=se&keywords=guitar&qid=1714216630&sr=8-19
JUAREZ,"Juârez JRZ38C/VTS 6 Strings Acoustic Guitar 38 Inch Cutaway, Right Handed, Violet/Purple with Bag, Strings, Picks and Strap","2,199","Monday, 29 April",In stock,https://www.amazon.in/JRZ38C-VTS-Strings-Acoustic-Cutaway/dp/B072MFLQC9/ref=sr_1_20?dib=eyJ2IjoiMSJ9.H_dE0w8OHcmESxseNpLSv0nvWr0JMhazIQ9MvjPhIkuhKueS755oeD551GNy1OU2BpJAkKdfM4cIvL3PNwh0ImV8Qx0NvGFNZWfUFLdJzA6gf0A2nfm5ROwrPEXKKYLYo5pjIuXbR3xRuMpXRX1nNjXPMUY9cHHaJa30BTGK4Bx9KDu_2zQSKyp-_sUqdBwZ3QIqfuEI8gXmQB2OcHs_OkoRbl83VidsEmXmqMXkau6Z3vEACKUQEU5sPVobJOWG0igyaA-CLvwrcUIMKiU9PSuttCEh4z_mwH8MxU-0B54.jxPnOLXHw19xmf2sGdm1dckVPSIsrY9p2QHh9N-X6Bc&dib_tag=se&keywords=guitar&qid=1714216630&sr=8-20
Ibanez,"Ibanez MD39C-NT 39 Inches Rose Wood Cutaway Acoustic Guitar With Gig-Bag, Polishing Cloth And E-Book","8,499","Monday, 29 April",In stock,https://www.amazon.in/sspa/click?ie=UTF8&spc=MTo0NzQxMDQyOTM1NzkxMTc6MTcxNDIxNjYzMDpzcF9tdGY6MzAwMTQ4NDgwODI1MDMyOjowOjo&url=%2FIbanez-MD39C-NT-Cutaway-Acoustic-Polishing%2Fdp%2FB084BQJCP8%2Fref%3Dsr_1_21_sspa%3Fdib%3DeyJ2IjoiMSJ9.H_dE0w8OHcmESxseNpLSv0nvWr0JMhazIQ9MvjPhIkuhKueS755oeD551GNy1OU2BpJAkKdfM4cIvL3PNwh0ImV8Qx0NvGFNZWfUFLdJzA6gf0A2nfm5ROwrPEXKKYLYo5pjIuXbR3xRuMpXRX1nNjXPMUY9cHHaJa30BTGK4Bx9KDu_2zQSKyp-_sUqdBwZ3QIqfuEI8gXmQB2OcHs_OkoRbl83VidsEmXmqMXkau6Z3vEACKUQEU5sPVobJOWG0igyaA-CLvwrcUIMKiU9PSuttCEh4z_mwH8MxU-0B54.jxPnOLXHw19xmf2sGdm1dckVPSIsrY9p2QHh9N-X6Bc%26dib_tag%3Dse%26keywords%3Dguitar%26qid%3D1714216630%26sr%3D8-21-spons%26sp_csd%3Dd2lkZ2V0TmFtZT1zcF9tdGY%26psc%3D1
VAULT,"Vault DA20 Dreadnought Acoustic Guitar With Gig-Bag, Picks, Strings Set, String Winder, Strap, Polishing Cloth And Allen Key","4,899","Monday, 29 April",In stock,https://www.amazon.in/sspa/click?ie=UTF8&spc=MTo0NzQxMDQyOTM1NzkxMTc6MTcxNDIxNjYzMDpzcF9tdGY6MjAwOTI2MjQwMjE1OTg6OjA6Og&url=%2FDreadnought-Acoustic-Gig-Bag-Strings-Polishing%2Fdp%2FB0BJJRJVHY%2Fref%3Dsr_1_22_sspa%3Fdib%3DeyJ2IjoiMSJ9.H_dE0w8OHcmESxseNpLSv0nvWr0JMhazIQ9MvjPhIkuhKueS755oeD551GNy1OU2BpJAkKdfM4cIvL3PNwh0ImV8Qx0NvGFNZWfUFLdJzA6gf0A2nfm5ROwrPEXKKYLYo5pjIuXbR3xRuMpXRX1nNjXPMUY9cHHaJa30BTGK4Bx9KDu_2zQSKyp-_sUqdBwZ3QIqfuEI8gXmQB2OcHs_OkoRbl83VidsEmXmqMXkau6Z3vEACKUQEU5sPVobJOWG0igyaA-CLvwrcUIMKiU9PSuttCEh4z_mwH8MxU-0B54.jxPnOLXHw19xmf2sGdm1dckVPSIsrY9p2QHh9N-X6Bc%26dib_tag%3Dse%26keywords%3Dguitar%26qid%3D1714216630%26sr%3D8-22-spons%26sp_csd%3Dd2lkZ2V0TmFtZT1zcF9tdGY%26psc%3D1
RICHTONE,Richtone B239C Natural Matt Jf Style Cutaway Acoustic Guitar - Rosewood,"9,000","Monday, 29 April",Only 2 left in stock.,https://www.amazon.in/sspa/click?ie=UTF8&spc=MTo0NzQxMDQyOTM1NzkxMTc6MTcxNDIxNjYzMDpzcF9tdGY6MzAwMTQxODMyNzA2OTMyOjowOjo&url=%2FRichtone-B239C-Natural-cutaway-Acoustic%2Fdp%2FB0CNW9RZ9D%2Fref%3Dsr_1_23_sspa%3Fdib%3DeyJ2IjoiMSJ9.H_dE0w8OHcmESxseNpLSv0nvWr0JMhazIQ9MvjPhIkuhKueS755oeD551GNy1OU2BpJAkKdfM4cIvL3PNwh0ImV8Qx0NvGFNZWfUFLdJzA6gf0A2nfm5ROwrPEXKKYLYo5pjIuXbR3xRuMpXRX1nNjXPMUY9cHHaJa30BTGK4Bx9KDu_2zQSKyp-_sUqdBwZ3QIqfuEI8gXmQB2OcHs_OkoRbl83VidsEmXmqMXkau6Z3vEACKUQEU5sPVobJOWG0igyaA-CLvwrcUIMKiU9PSuttCEh4z_mwH8MxU-0B54.jxPnOLXHw19xmf2sGdm1dckVPSIsrY9p2QHh9N-X6Bc%26dib_tag%3Dse%26keywords%3Dguitar%26qid%3D1714216630%26sr%3D8-23-spons%26sp_csd%3Dd2lkZ2V0TmFtZT1zcF9tdGY%26psc%3D1
Gum-Tea,"Acoustic Guitar, 39 Inch Cutaway, 039C with Bag, Strings, Pick and Strap, Random Colour colors may be vary","4,997","Friday, 3 May",In stock,https://www.amazon.in/sspa/click?ie=UTF8&spc=MTo0NzQxMDQyOTM1NzkxMTc6MTcxNDIxNjYzMDpzcF9tdGY6MzAwMTQ2MzYwMTYzNTMyOjowOjo&url=%2FAcoustic-Guitar-Cutaway-Strings-Strap%2Fdp%2FB08NTC4KG4%2Fref%3Dsr_1_24_sspa%3Fdib%3DeyJ2IjoiMSJ9.H_dE0w8OHcmESxseNpLSv0nvWr0JMhazIQ9MvjPhIkuhKueS755oeD551GNy1OU2BpJAkKdfM4cIvL3PNwh0ImV8Qx0NvGFNZWfUFLdJzA6gf0A2nfm5ROwrPEXKKYLYo5pjIuXbR3xRuMpXRX1nNjXPMUY9cHHaJa30BTGK4Bx9KDu_2zQSKyp-_sUqdBwZ3QIqfuEI8gXmQB2OcHs_OkoRbl83VidsEmXmqMXkau6Z3vEACKUQEU5sPVobJOWG0igyaA-CLvwrcUIMKiU9PSuttCEh4z_mwH8MxU-0B54.jxPnOLXHw19xmf2sGdm1dckVPSIsrY9p2QHh9N-X6Bc%26dib_tag%3Dse%26keywords%3Dguitar%26qid%3D1714216630%26sr%3D8-24-spons%26sp_csd%3Dd2lkZ2V0TmFtZT1zcF9tdGY%26psc%3D1
JUAREZ,"Juârez Acoustic Guitar, 38 Inch Cutaway, 038C with Bag, Strings, Pick and Strap, Black (Acoustic Guitar Kit, NATURAL)","2,759","Monday, 29 April",In stock,https://www.amazon.in/JUAREZ-JRZ38C-Acoustic-Natural-Strings/dp/B01FYYTDWC/ref=sr_1_25?dib=eyJ2IjoiMSJ9.H_dE0w8OHcmESxseNpLSv0nvWr0JMhazIQ9MvjPhIkuhKueS755oeD551GNy1OU2BpJAkKdfM4cIvL3PNwh0ImV8Qx0NvGFNZWfUFLdJzA6gf0A2nfm5ROwrPEXKKYLYo5pjIuXbR3xRuMpXRX1nNjXPMUY9cHHaJa30BTGK4Bx9KDu_2zQSKyp-_sUqdBwZ3QIqfuEI8gXmQB2OcHs_OkoRbl83VidsEmXmqMXkau6Z3vEACKUQEU5sPVobJOWG0igyaA-CLvwrcUIMKiU9PSuttCEh4z_mwH8MxU-0B54.jxPnOLXHw19xmf2sGdm1dckVPSIsrY9p2QHh9N-X6Bc&dib_tag=se&keywords=guitar&qid=1714216630&sr=8-25
JUAREZ,"Juârez Acoustic Guitar, 38 Inch Cutaway, 038C with Bag, Strings, Pick and Strap, Black (Acoustic Guitar Kit, ZEBRA)","2,199","Monday, 29 April",In stock,https://www.amazon.in/Juarez-Strings-Acoustic-Cutaway-Zebrawood/dp/B072Q9L8DG/ref=sr_1_26?dib=eyJ2IjoiMSJ9.H_dE0w8OHcmESxseNpLSv0nvWr0JMhazIQ9MvjPhIkuhKueS755oeD551GNy1OU2BpJAkKdfM4cIvL3PNwh0ImV8Qx0NvGFNZWfUFLdJzA6gf0A2nfm5ROwrPEXKKYLYo5pjIuXbR3xRuMpXRX1nNjXPMUY9cHHaJa30BTGK4Bx9KDu_2zQSKyp-_sUqdBwZ3QIqfuEI8gXmQB2OcHs_OkoRbl83VidsEmXmqMXkau6Z3vEACKUQEU5sPVobJOWG0igyaA-CLvwrcUIMKiU9PSuttCEh4z_mwH8MxU-0B54.jxPnOLXHw19xmf2sGdm1dckVPSIsrY9p2QHh9N-X6Bc&dib_tag=se&keywords=guitar&qid=1714216630&sr=8-26
Intern,"Intern INT-38C-BK-G Cutaway Right Handed Acoustic Guitar Kit, with Bag, Nickel Strings, Pick And Strap (Black) -6 Strings","1,949",1 - 3 May,Available to ship in 1-2 days,https://www.amazon.in/Intern-INT-38C-BK-G-Guitar-Kit-Black/dp/B07K9497RC/ref=sr_1_27?dib=eyJ2IjoiMSJ9.H_dE0w8OHcmESxseNpLSv0nvWr0JMhazIQ9MvjPhIkuhKueS755oeD551GNy1OU2BpJAkKdfM4cIvL3PNwh0ImV8Qx0NvGFNZWfUFLdJzA6gf0A2nfm5ROwrPEXKKYLYo5pjIuXbR3xRuMpXRX1nNjXPMUY9cHHaJa30BTGK4Bx9KDu_2zQSKyp-_sUqdBwZ3QIqfuEI8gXmQB2OcHs_OkoRbl83VidsEmXmqMXkau6Z3vEACKUQEU5sPVobJOWG0igyaA-CLvwrcUIMKiU9PSuttCEh4z_mwH8MxU-0B54.jxPnOLXHw19xmf2sGdm1dckVPSIsrY9p2QHh9N-X6Bc&dib_tag=se&keywords=guitar&qid=1714216630&sr=8-27
YAMAHA,YAMAHA FS80C BLACK CONCERT CUTAWAY GUITAR,"8,178","Monday, 6 May",In stock,https://www.amazon.in/YAMAHA-FS80C-CONCERT-CUTAWAY-GUITAR/dp/B08WBBVMVJ/ref=sr_1_28?dib=eyJ2IjoiMSJ9.H_dE0w8OHcmESxseNpLSv0nvWr0JMhazIQ9MvjPhIkuhKueS755oeD551GNy1OU2BpJAkKdfM4cIvL3PNwh0ImV8Qx0NvGFNZWfUFLdJzA6gf0A2nfm5ROwrPEXKKYLYo5pjIuXbR3xRuMpXRX1nNjXPMUY9cHHaJa30BTGK4Bx9KDu_2zQSKyp-_sUqdBwZ3QIqfuEI8gXmQB2OcHs_OkoRbl83VidsEmXmqMXkau6Z3vEACKUQEU5sPVobJOWG0igyaA-CLvwrcUIMKiU9PSuttCEh4z_mwH8MxU-0B54.jxPnOLXHw19xmf2sGdm1dckVPSIsrY9p2QHh9N-X6Bc&dib_tag=se&keywords=guitar&qid=1714216630&sr=8-28
Intern,Intern 38C Ebony Wood Cutaway Design Acoustic Guitar with Picks And Carry Bag (Black),"1,999","Wednesday, 1 May",Available to ship in 1-2 days,https://www.amazon.in/Intern-38-inch-Cutaway-Design-Acoustic/dp/B07X4PN85R/ref=sr_1_29?dib=eyJ2IjoiMSJ9.H_dE0w8OHcmESxseNpLSv0nvWr0JMhazIQ9MvjPhIkuhKueS755oeD551GNy1OU2BpJAkKdfM4cIvL3PNwh0ImV8Qx0NvGFNZWfUFLdJzA6gf0A2nfm5ROwrPEXKKYLYo5pjIuXbR3xRuMpXRX1nNjXPMUY9cHHaJa30BTGK4Bx9KDu_2zQSKyp-_sUqdBwZ3QIqfuEI8gXmQB2OcHs_OkoRbl83VidsEmXmqMXkau6Z3vEACKUQEU5sPVobJOWG0igyaA-CLvwrcUIMKiU9PSuttCEh4z_mwH8MxU-0B54.jxPnOLXHw19xmf2sGdm1dckVPSIsrY9p2QHh9N-X6Bc&dib_tag=se&keywords=guitar&qid=1714216630&sr=8-29
Yamaha,Yamaha 22.8 Inches Merantiwood Classical Guitar C40//02 (Brown),"7,699","Tuesday, 30 April",In stock,https://www.amazon.in/Yamaha-Classical-Guitar-C40-02/dp/B003UGCUFE/ref=sr_1_30?dib=eyJ2IjoiMSJ9.H_dE0w8OHcmESxseNpLSv0nvWr0JMhazIQ9MvjPhIkuhKueS755oeD551GNy1OU2BpJAkKdfM4cIvL3PNwh0ImV8Qx0NvGFNZWfUFLdJzA6gf0A2nfm5ROwrPEXKKYLYo5pjIuXbR3xRuMpXRX1nNjXPMUY9cHHaJa30BTGK4Bx9KDu_2zQSKyp-_sUqdBwZ3QIqfuEI8gXmQB2OcHs_OkoRbl83VidsEmXmqMXkau6Z3vEACKUQEU5sPVobJOWG0igyaA-CLvwrcUIMKiU9PSuttCEh4z_mwH8MxU-0B54.jxPnOLXHw19xmf2sGdm1dckVPSIsrY9p2QHh9N-X6Bc&dib_tag=se&keywords=guitar&qid=1714216630&sr=8-30
YAMAHA,"Yamaha F280 Acoustic Guitar, Tobacco Brown Sunburst","7,990","Sunday, 5 May",In stock,https://www.amazon.in/Yamaha-Acoustic-Guitar-Tobacco-Sunburst/dp/B08VXR74Q2/ref=sr_1_31?dib=eyJ2IjoiMSJ9.H_dE0w8OHcmESxseNpLSv0nvWr0JMhazIQ9MvjPhIkuhKueS755oeD551GNy1OU2BpJAkKdfM4cIvL3PNwh0ImV8Qx0NvGFNZWfUFLdJzA6gf0A2nfm5ROwrPEXKKYLYo5pjIuXbR3xRuMpXRX1nNjXPMUY9cHHaJa30BTGK4Bx9KDu_2zQSKyp-_sUqdBwZ3QIqfuEI8gXmQB2OcHs_OkoRbl83VidsEmXmqMXkau6Z3vEACKUQEU5sPVobJOWG0igyaA-CLvwrcUIMKiU9PSuttCEh4z_mwH8MxU-0B54.jxPnOLXHw19xmf2sGdm1dckVPSIsrY9p2QHh9N-X6Bc&dib_tag=se&keywords=guitar&qid=1714216630&sr=8-31
YAMAHA,Yamaha Fx280 Tobacco Brown Sunburst Electro Acoustic Guitar - Wood,"10,998","Sunday, 5 May",In stock,https://www.amazon.in/FX280-acoustic-Dreadnought-Tobacco-Sunburst/dp/B09HR7BXGW/ref=sr_1_32?dib=eyJ2IjoiMSJ9.H_dE0w8OHcmESxseNpLSv0nvWr0JMhazIQ9MvjPhIkuhKueS755oeD551GNy1OU2BpJAkKdfM4cIvL3PNwh0ImV8Qx0NvGFNZWfUFLdJzA6gf0A2nfm5ROwrPEXKKYLYo5pjIuXbR3xRuMpXRX1nNjXPMUY9cHHaJa30BTGK4Bx9KDu_2zQSKyp-_sUqdBwZ3QIqfuEI8gXmQB2OcHs_OkoRbl83VidsEmXmqMXkau6Z3vEACKUQEU5sPVobJOWG0igyaA-CLvwrcUIMKiU9PSuttCEh4z_mwH8MxU-0B54.jxPnOLXHw19xmf2sGdm1dckVPSIsrY9p2QHh9N-X6Bc&dib_tag=se&keywords=guitar&qid=1714216630&sr=8-32
YAMAHA,Yamaha FSX80C Semi acoustic cutaway guitar (natural),"12,480","Wednesday, 1 May",Only 1 left in stock.,https://www.amazon.in/Yamaha-FSX80C-Acoustic-Cutaway-Natural/dp/B09HL3GFZF/ref=sr_1_33?dib=eyJ2IjoiMSJ9.H_dE0w8OHcmESxseNpLSv0nvWr0JMhazIQ9MvjPhIkuhKueS755oeD551GNy1OU2BpJAkKdfM4cIvL3PNwh0ImV8Qx0NvGFNZWfUFLdJzA6gf0A2nfm5ROwrPEXKKYLYo5pjIuXbR3xRuMpXRX1nNjXPMUY9cHHaJa30BTGK4Bx9KDu_2zQSKyp-_sUqdBwZ3QIqfuEI8gXmQB2OcHs_OkoRbl83VidsEmXmqMXkau6Z3vEACKUQEU5sPVobJOWG0igyaA-CLvwrcUIMKiU9PSuttCEh4z_mwH8MxU-0B54.jxPnOLXHw19xmf2sGdm1dckVPSIsrY9p2QHh9N-X6Bc&dib_tag=se&keywords=guitar&qid=1714216630&sr=8-33
Yamaha,"YAMAHA F310, 6-Strings Rose Wood Acoustic Guitar, Natural","9,441","Sunday, 5 May",In stock,https://www.amazon.in/Yamaha-F310-6-Strings-Acoustic-Natural/dp/B000RVYW7E/ref=sr_1_34?dib=eyJ2IjoiMSJ9.H_dE0w8OHcmESxseNpLSv0nvWr0JMhazIQ9MvjPhIkuhKueS755oeD551GNy1OU2BpJAkKdfM4cIvL3PNwh0ImV8Qx0NvGFNZWfUFLdJzA6gf0A2nfm5ROwrPEXKKYLYo5pjIuXbR3xRuMpXRX1nNjXPMUY9cHHaJa30BTGK4Bx9KDu_2zQSKyp-_sUqdBwZ3QIqfuEI8gXmQB2OcHs_OkoRbl83VidsEmXmqMXkau6Z3vEACKUQEU5sPVobJOWG0igyaA-CLvwrcUIMKiU9PSuttCEh4z_mwH8MxU-0B54.jxPnOLXHw19xmf2sGdm1dckVPSIsrY9p2QHh9N-X6Bc&dib_tag=se&keywords=guitar&qid=1714216630&sr=8-34
Kadence,"Kadence Frontier Series, Acoustic Guitar With/Wihtout EQ Die Cast Keys Combo (Bag,strap,strings and 3 picks) (Natural, Semi/Electro Acoustic)","4,999","Monday, 29 April",In stock,https://www.amazon.in/Kadence-Frontier-Acoustic-Natural-Equalizer/dp/B01I50UJG6/ref=sr_1_35?dib=eyJ2IjoiMSJ9.H_dE0w8OHcmESxseNpLSv0nvWr0JMhazIQ9MvjPhIkuhKueS755oeD551GNy1OU2BpJAkKdfM4cIvL3PNwh0ImV8Qx0NvGFNZWfUFLdJzA6gf0A2nfm5ROwrPEXKKYLYo5pjIuXbR3xRuMpXRX1nNjXPMUY9cHHaJa30BTGK4Bx9KDu_2zQSKyp-_sUqdBwZ3QIqfuEI8gXmQB2OcHs_OkoRbl83VidsEmXmqMXkau6Z3vEACKUQEU5sPVobJOWG0igyaA-CLvwrcUIMKiU9PSuttCEh4z_mwH8MxU-0B54.jxPnOLXHw19xmf2sGdm1dckVPSIsrY9p2QHh9N-X6Bc&dib_tag=se&keywords=guitar&qid=1714216630&sr=8-35
YAMAHA,Yamaha FSX80C Semi acoustic cutaway guitar (Black),"11,789","Monday, 29 April",In stock,https://www.amazon.in/Yamaha-FSX80C-Acoustic-Cutaway-Guitar/dp/B09HL5WFDX/ref=sr_1_36?dib=eyJ2IjoiMSJ9.H_dE0w8OHcmESxseNpLSv0nvWr0JMhazIQ9MvjPhIkuhKueS755oeD551GNy1OU2BpJAkKdfM4cIvL3PNwh0ImV8Qx0NvGFNZWfUFLdJzA6gf0A2nfm5ROwrPEXKKYLYo5pjIuXbR3xRuMpXRX1nNjXPMUY9cHHaJa30BTGK4Bx9KDu_2zQSKyp-_sUqdBwZ3QIqfuEI8gXmQB2OcHs_OkoRbl83VidsEmXmqMXkau6Z3vEACKUQEU5sPVobJOWG0igyaA-CLvwrcUIMKiU9PSuttCEh4z_mwH8MxU-0B54.jxPnOLXHw19xmf2sGdm1dckVPSIsrY9p2QHh9N-X6Bc&dib_tag=se&keywords=guitar&qid=1714216630&sr=8-36
Medellin,"Medellin Acoustic Guitar (with guitar learning course) Neon Pink (Combo, Strings,Bag,Picks and guitar course)","2,499","Monday, 29 April",In stock,https://www.amazon.in/Medellin-Acoustic-Guitar-learning-Strings/dp/B0CCNSN9BV/ref=sr_1_37?dib=eyJ2IjoiMSJ9.H_dE0w8OHcmESxseNpLSv0nvWr0JMhazIQ9MvjPhIkuhKueS755oeD551GNy1OU2BpJAkKdfM4cIvL3PNwh0ImV8Qx0NvGFNZWfUFLdJzA6gf0A2nfm5ROwrPEXKKYLYo5pjIuXbR3xRuMpXRX1nNjXPMUY9cHHaJa30BTGK4Bx9KDu_2zQSKyp-_sUqdBwZ3QIqfuEI8gXmQB2OcHs_OkoRbl83VidsEmXmqMXkau6Z3vEACKUQEU5sPVobJOWG0igyaA-CLvwrcUIMKiU9PSuttCEh4z_mwH8MxU-0B54.jxPnOLXHw19xmf2sGdm1dckVPSIsrY9p2QHh9N-X6Bc&dib_tag=se&keywords=guitar&qid=1714216630&sr=8-37
JUAREZ,"Juarez JRZ38C/3TSNA Acoustic Guitar, 38 Inch Cutaway, 3TS Sunburst","1,899","Monday, 29 April",In stock,https://www.amazon.in/JUAREZ-JRZ38C-3TSNA/dp/B0BCQQRDF3/ref=sr_1_38?dib=eyJ2IjoiMSJ9.H_dE0w8OHcmESxseNpLSv0nvWr0JMhazIQ9MvjPhIkuhKueS755oeD551GNy1OU2BpJAkKdfM4cIvL3PNwh0ImV8Qx0NvGFNZWfUFLdJzA6gf0A2nfm5ROwrPEXKKYLYo5pjIuXbR3xRuMpXRX1nNjXPMUY9cHHaJa30BTGK4Bx9KDu_2zQSKyp-_sUqdBwZ3QIqfuEI8gXmQB2OcHs_OkoRbl83VidsEmXmqMXkau6Z3vEACKUQEU5sPVobJOWG0igyaA-CLvwrcUIMKiU9PSuttCEh4z_mwH8MxU-0B54.jxPnOLXHw19xmf2sGdm1dckVPSIsrY9p2QHh9N-X6Bc&dib_tag=se&keywords=guitar&qid=1714216630&sr=8-38
JUAREZ,"Juarez JRZ-ST01 38 Inches Wood 6-String Electric Guitar, Right Handed, Full Black, With Case/Bag And Picks (Black)","6,750","Monday, 29 April",In stock,https://www.amazon.in/Juarez-JRZ-ST01-6-String-Electric-Without/dp/B01FYZSOGM/ref=sr_1_39?dib=eyJ2IjoiMSJ9.H_dE0w8OHcmESxseNpLSv0nvWr0JMhazIQ9MvjPhIkuhKueS755oeD551GNy1OU2BpJAkKdfM4cIvL3PNwh0ImV8Qx0NvGFNZWfUFLdJzA6gf0A2nfm5ROwrPEXKKYLYo5pjIuXbR3xRuMpXRX1nNjXPMUY9cHHaJa30BTGK4Bx9KDu_2zQSKyp-_sUqdBwZ3QIqfuEI8gXmQB2OcHs_OkoRbl83VidsEmXmqMXkau6Z3vEACKUQEU5sPVobJOWG0igyaA-CLvwrcUIMKiU9PSuttCEh4z_mwH8MxU-0B54.jxPnOLXHw19xmf2sGdm1dckVPSIsrY9p2QHh9N-X6Bc&dib_tag=se&keywords=guitar&qid=1714216630&sr=8-39
Yamaha,"Yamaha FS100C Acoustic Guitar, Black","9,899","Wednesday, 1 May",In stock,https://www.amazon.in/Yamaha-FS-100C-6-String-Acoustic-without/dp/B00PAS9CK6/ref=sr_1_40?dib=eyJ2IjoiMSJ9.H_dE0w8OHcmESxseNpLSv0nvWr0JMhazIQ9MvjPhIkuhKueS755oeD551GNy1OU2BpJAkKdfM4cIvL3PNwh0ImV8Qx0NvGFNZWfUFLdJzA6gf0A2nfm5ROwrPEXKKYLYo5pjIuXbR3xRuMpXRX1nNjXPMUY9cHHaJa30BTGK4Bx9KDu_2zQSKyp-_sUqdBwZ3QIqfuEI8gXmQB2OcHs_OkoRbl83VidsEmXmqMXkau6Z3vEACKUQEU5sPVobJOWG0igyaA-CLvwrcUIMKiU9PSuttCEh4z_mwH8MxU-0B54.jxPnOLXHw19xmf2sGdm1dckVPSIsrY9p2QHh9N-X6Bc&dib_tag=se&keywords=guitar&qid=1714216630&sr=8-40
blueberry,"BLUEBERRY B-D38, Acoustic Guitar Kit Inbuilt Truss Rod with Bag, Strap, One Pack Strings And Picks - 38 Inch (Sunburst)","2,895","Wednesday, 1 May",In stock,https://www.amazon.in/Blueberry-B-D38-Sunburst-Acoustic-Inbuilt/dp/B08QZCK76B/ref=sr_1_41?dib=eyJ2IjoiMSJ9.H_dE0w8OHcmESxseNpLSv0nvWr0JMhazIQ9MvjPhIkuhKueS755oeD551GNy1OU2BpJAkKdfM4cIvL3PNwh0ImV8Qx0NvGFNZWfUFLdJzA6gf0A2nfm5ROwrPEXKKYLYo5pjIuXbR3xRuMpXRX1nNjXPMUY9cHHaJa30BTGK4Bx9KDu_2zQSKyp-_sUqdBwZ3QIqfuEI8gXmQB2OcHs_OkoRbl83VidsEmXmqMXkau6Z3vEACKUQEU5sPVobJOWG0igyaA-CLvwrcUIMKiU9PSuttCEh4z_mwH8MxU-0B54.jxPnOLXHw19xmf2sGdm1dckVPSIsrY9p2QHh9N-X6Bc&dib_tag=se&keywords=guitar&qid=1714216630&sr=8-41
Yamaha,"YAMAHA Mexa Yamaha F310, Dreadnought Acoustic Guitar with Sponge Bag, Belt and Plectrums Combo Pack","11,499","Thursday, 2 May",Only 2 left in stock.,https://www.amazon.in/yamaha-acoustic-guitar-Dreadnought-Plectrums/dp/B07KB8VP6X/ref=sr_1_42?dib=eyJ2IjoiMSJ9.H_dE0w8OHcmESxseNpLSv0nvWr0JMhazIQ9MvjPhIkuhKueS755oeD551GNy1OU2BpJAkKdfM4cIvL3PNwh0ImV8Qx0NvGFNZWfUFLdJzA6gf0A2nfm5ROwrPEXKKYLYo5pjIuXbR3xRuMpXRX1nNjXPMUY9cHHaJa30BTGK4Bx9KDu_2zQSKyp-_sUqdBwZ3QIqfuEI8gXmQB2OcHs_OkoRbl83VidsEmXmqMXkau6Z3vEACKUQEU5sPVobJOWG0igyaA-CLvwrcUIMKiU9PSuttCEh4z_mwH8MxU-0B54.jxPnOLXHw19xmf2sGdm1dckVPSIsrY9p2QHh9N-X6Bc&dib_tag=se&keywords=guitar&qid=1714216630&sr=8-42
JUAREZ,"Juârez Acoustic Guitar Kit Red, 38 Inch Cutaway, 038C with Bag, Strings, Pick and Strap, RED","2,719","Monday, 29 April",In stock,https://www.amazon.in/JUAREZ-JRZ38C-Handed-Acoustic-Strings/dp/B01FYYTDW2/ref=sr_1_43?dib=eyJ2IjoiMSJ9.H_dE0w8OHcmESxseNpLSv0nvWr0JMhazIQ9MvjPhIkuhKueS755oeD551GNy1OU2BpJAkKdfM4cIvL3PNwh0ImV8Qx0NvGFNZWfUFLdJzA6gf0A2nfm5ROwrPEXKKYLYo5pjIuXbR3xRuMpXRX1nNjXPMUY9cHHaJa30BTGK4Bx9KDu_2zQSKyp-_sUqdBwZ3QIqfuEI8gXmQB2OcHs_OkoRbl83VidsEmXmqMXkau6Z3vEACKUQEU5sPVobJOWG0igyaA-CLvwrcUIMKiU9PSuttCEh4z_mwH8MxU-0B54.jxPnOLXHw19xmf2sGdm1dckVPSIsrY9p2QHh9N-X6Bc&dib_tag=se&keywords=guitar&qid=1714216630&sr=8-43
Kadence,"Kadence Guitar Acoustica Series, Electric Acoustic Guitar, Ash Wood with Pickup and Inbuilt tuner (Ash Wood, Electro Acoustic) with bag.","6,999","Thursday, 2 May",In stock,https://www.amazon.in/Kadence-Acoustica-Ash-Wood-Equlizer/dp/B0757H5P13/ref=sr_1_44?dib=eyJ2IjoiMSJ9.H_dE0w8OHcmESxseNpLSv0nvWr0JMhazIQ9MvjPhIkuhKueS755oeD551GNy1OU2BpJAkKdfM4cIvL3PNwh0ImV8Qx0NvGFNZWfUFLdJzA6gf0A2nfm5ROwrPEXKKYLYo5pjIuXbR3xRuMpXRX1nNjXPMUY9cHHaJa30BTGK4Bx9KDu_2zQSKyp-_sUqdBwZ3QIqfuEI8gXmQB2OcHs_OkoRbl83VidsEmXmqMXkau6Z3vEACKUQEU5sPVobJOWG0igyaA-CLvwrcUIMKiU9PSuttCEh4z_mwH8MxU-0B54.jxPnOLXHw19xmf2sGdm1dckVPSIsrY9p2QHh9N-X6Bc&dib_tag=se&keywords=guitar&qid=1714216630&sr=8-44
Kadence,"Kadence A281 Professional Acoustic Rosewood guitar (Natural, Beige)","5,999","Thursday, 2 May",In stock,https://www.amazon.in/Kadence-Professional-Acoustic-Rosewood-Natural/dp/B0CC927DLN/ref=sr_1_45?dib=eyJ2IjoiMSJ9.H_dE0w8OHcmESxseNpLSv0nvWr0JMhazIQ9MvjPhIkuhKueS755oeD551GNy1OU2BpJAkKdfM4cIvL3PNwh0ImV8Qx0NvGFNZWfUFLdJzA6gf0A2nfm5ROwrPEXKKYLYo5pjIuXbR3xRuMpXRX1nNjXPMUY9cHHaJa30BTGK4Bx9KDu_2zQSKyp-_sUqdBwZ3QIqfuEI8gXmQB2OcHs_OkoRbl83VidsEmXmqMXkau6Z3vEACKUQEU5sPVobJOWG0igyaA-CLvwrcUIMKiU9PSuttCEh4z_mwH8MxU-0B54.jxPnOLXHw19xmf2sGdm1dckVPSIsrY9p2QHh9N-X6Bc&dib_tag=se&keywords=guitar&qid=1714216630&sr=8-45
VAULT,"Vault EA20CE Electro Acoustic Guitar Kit with Learn to Play Ebook, Bag, Strings, Straps, Picks, String winder & Polishing Cloth - 40 inch Cutaway Acoustic - Guitar","5,799","Monday, 29 April",In stock,https://www.amazon.in/Cutaway-Electro-Acoustic-Strings-Polishing/dp/B093VHQZGD/ref=sr_1_46?dib=eyJ2IjoiMSJ9.H_dE0w8OHcmESxseNpLSv0nvWr0JMhazIQ9MvjPhIkuhKueS755oeD551GNy1OU2BpJAkKdfM4cIvL3PNwh0ImV8Qx0NvGFNZWfUFLdJzA6gf0A2nfm5ROwrPEXKKYLYo5pjIuXbR3xRuMpXRX1nNjXPMUY9cHHaJa30BTGK4Bx9KDu_2zQSKyp-_sUqdBwZ3QIqfuEI8gXmQB2OcHs_OkoRbl83VidsEmXmqMXkau6Z3vEACKUQEU5sPVobJOWG0igyaA-CLvwrcUIMKiU9PSuttCEh4z_mwH8MxU-0B54.jxPnOLXHw19xmf2sGdm1dckVPSIsrY9p2QHh9N-X6Bc&dib_tag=se&keywords=guitar&qid=1714216630&sr=8-46
VAULT,"Vault EA20 Guitar Kit with Learn to Play Ebook, Bag, Strings, Straps, Picks, String winder & Polishing Cloth - 40 inch Cutaway Acoustic Guitar - Natural","4,899","Monday, 29 April",In stock,https://www.amazon.in/Strings-Straps-String-winder-Polishing/dp/B07RV9FJ2Z/ref=sr_1_47?dib=eyJ2IjoiMSJ9.H_dE0w8OHcmESxseNpLSv0nvWr0JMhazIQ9MvjPhIkuhKueS755oeD551GNy1OU2BpJAkKdfM4cIvL3PNwh0ImV8Qx0NvGFNZWfUFLdJzA6gf0A2nfm5ROwrPEXKKYLYo5pjIuXbR3xRuMpXRX1nNjXPMUY9cHHaJa30BTGK4Bx9KDu_2zQSKyp-_sUqdBwZ3QIqfuEI8gXmQB2OcHs_OkoRbl83VidsEmXmqMXkau6Z3vEACKUQEU5sPVobJOWG0igyaA-CLvwrcUIMKiU9PSuttCEh4z_mwH8MxU-0B54.jxPnOLXHw19xmf2sGdm1dckVPSIsrY9p2QHh9N-X6Bc&dib_tag=se&keywords=guitar&qid=1714216630&sr=8-47
Fender,"Fender Squier Sonic Stratocaster Hss Maple Electric Guitar With Gig-Bag, Polishing Cloth, Strap, Picks & E-Book - Black","16,599","Monday, 29 April",Only 2 left in stock.,https://www.amazon.in/Fender-Stratocaster-Electric-Gig-Bag-Polishing/dp/B0CV9QX8SW/ref=sr_1_48?dib=eyJ2IjoiMSJ9.H_dE0w8OHcmESxseNpLSv0nvWr0JMhazIQ9MvjPhIkuhKueS755oeD551GNy1OU2BpJAkKdfM4cIvL3PNwh0ImV8Qx0NvGFNZWfUFLdJzA6gf0A2nfm5ROwrPEXKKYLYo5pjIuXbR3xRuMpXRX1nNjXPMUY9cHHaJa30BTGK4Bx9KDu_2zQSKyp-_sUqdBwZ3QIqfuEI8gXmQB2OcHs_OkoRbl83VidsEmXmqMXkau6Z3vEACKUQEU5sPVobJOWG0igyaA-CLvwrcUIMKiU9PSuttCEh4z_mwH8MxU-0B54.jxPnOLXHw19xmf2sGdm1dckVPSIsrY9p2QHh9N-X6Bc&dib_tag=se&keywords=guitar&qid=1714216630&sr=8-48
Intern,"Intern INT-38C-SB-G Linden Wood Cutaway Right Handed Acoustic Guitar Kit, With Bag, Strings, Pick And Strap (Sunburst, 6 Strings)",-,-,,https://www.amazon.in/Intern-INT-38C-SB-G-Guitar-Kit-Sunburst/dp/B07K8WLPLH/ref=sr_1_49?dib=eyJ2IjoiMSJ9.H_dE0w8OHcmESxseNpLSv0nvWr0JMhazIQ9MvjPhIkuhKueS755oeD551GNy1OU2BpJAkKdfM4cIvL3PNwh0ImV8Qx0NvGFNZWfUFLdJzA6gf0A2nfm5ROwrPEXKKYLYo5pjIuXbR3xRuMpXRX1nNjXPMUY9cHHaJa30BTGK4Bx9KDu_2zQSKyp-_sUqdBwZ3QIqfuEI8gXmQB2OcHs_OkoRbl83VidsEmXmqMXkau6Z3vEACKUQEU5sPVobJOWG0igyaA-CLvwrcUIMKiU9PSuttCEh4z_mwH8MxU-0B54.jxPnOLXHw19xmf2sGdm1dckVPSIsrY9p2QHh9N-X6Bc&dib_tag=se&keywords=guitar&qid=1714216630&sr=8-49
Kadence,"Kadence Acoustica A01 34"" Spruce Wood Acoustic Guitar, Rosewood fretboard, Travel guitar, Small size guitar with bag and learning course (34"" Small Guitar)","4,499","Thursday, 2 May",In stock,https://www.amazon.in/Kadence-Acoustica-Acoustic-Rosewood-fretboard/dp/B0CZ9HBCJS/ref=sr_1_50?dib=eyJ2IjoiMSJ9.H_dE0w8OHcmESxseNpLSv0nvWr0JMhazIQ9MvjPhIkuhKueS755oeD551GNy1OU2BpJAkKdfM4cIvL3PNwh0ImV8Qx0NvGFNZWfUFLdJzA6gf0A2nfm5ROwrPEXKKYLYo5pjIuXbR3xRuMpXRX1nNjXPMUY9cHHaJa30BTGK4Bx9KDu_2zQSKyp-_sUqdBwZ3QIqfuEI8gXmQB2OcHs_OkoRbl83VidsEmXmqMXkau6Z3vEACKUQEU5sPVobJOWG0igyaA-CLvwrcUIMKiU9PSuttCEh4z_mwH8MxU-0B54.jxPnOLXHw19xmf2sGdm1dckVPSIsrY9p2QHh9N-X6Bc&dib_tag=se&keywords=guitar&qid=1714216630&sr=8-50
Ibanez,Ibanez Electric Guitar Series Grgr221Paaqb - Poplar,"28,000","Monday, 29 April",In stock,https://www.amazon.in/Ibanez-GRGR221PA-Electric-Guitar-Burst/dp/B08SHLHBGT/ref=sr_1_51?dib=eyJ2IjoiMSJ9.H_dE0w8OHcmESxseNpLSv0nvWr0JMhazIQ9MvjPhIkuhKueS755oeD551GNy1OU2BpJAkKdfM4cIvL3PNwh0ImV8Qx0NvGFNZWfUFLdJzA6gf0A2nfm5ROwrPEXKKYLYo5pjIuXbR3xRuMpXRX1nNjXPMUY9cHHaJa30BTGK4Bx9KDu_2zQSKyp-_sUqdBwZ3QIqfuEI8gXmQB2OcHs_OkoRbl83VidsEmXmqMXkau6Z3vEACKUQEU5sPVobJOWG0igyaA-CLvwrcUIMKiU9PSuttCEh4z_mwH8MxU-0B54.jxPnOLXHw19xmf2sGdm1dckVPSIsrY9p2QHh9N-X6Bc&dib_tag=se&keywords=guitar&qid=1714216630&sr=8-51
Yamaha,YAMAHA FS80C NATURAL CONCERT CUTAWAY GUITAR,"7,900","Tuesday, 30 April",In stock,https://www.amazon.in/YAMAHA-NATURAL-CONCERT-CUTAWAY-GUITAR/dp/B08KW4DRKL/ref=sr_1_52?dib=eyJ2IjoiMSJ9.H_dE0w8OHcmESxseNpLSv0nvWr0JMhazIQ9MvjPhIkuhKueS755oeD551GNy1OU2BpJAkKdfM4cIvL3PNwh0ImV8Qx0NvGFNZWfUFLdJzA6gf0A2nfm5ROwrPEXKKYLYo5pjIuXbR3xRuMpXRX1nNjXPMUY9cHHaJa30BTGK4Bx9KDu_2zQSKyp-_sUqdBwZ3QIqfuEI8gXmQB2OcHs_OkoRbl83VidsEmXmqMXkau6Z3vEACKUQEU5sPVobJOWG0igyaA-CLvwrcUIMKiU9PSuttCEh4z_mwH8MxU-0B54.jxPnOLXHw19xmf2sGdm1dckVPSIsrY9p2QHh9N-X6Bc&dib_tag=se&keywords=guitar&qid=1714216630&sr=8-52
Yamaha,"Yamaha FS80C Acoustic Guitar Cutaway Concert Body With Mexa Sponge Bag, Guitar Belt, Guitar Stand, String Set & Plectrums.(NT)","10,400",2 - 3 May,In stock,https://www.amazon.in/FS80C-Acoustic-Cutaway-Concert-Plectrums/dp/B08XVV1WH7/ref=sr_1_53?dib=eyJ2IjoiMSJ9.H_dE0w8OHcmESxseNpLSv0nvWr0JMhazIQ9MvjPhIkuhKueS755oeD551GNy1OU2BpJAkKdfM4cIvL3PNwh0ImV8Qx0NvGFNZWfUFLdJzA6gf0A2nfm5ROwrPEXKKYLYo5pjIuXbR3xRuMpXRX1nNjXPMUY9cHHaJa30BTGK4Bx9KDu_2zQSKyp-_sUqdBwZ3QIqfuEI8gXmQB2OcHs_OkoRbl83VidsEmXmqMXkau6Z3vEACKUQEU5sPVobJOWG0igyaA-CLvwrcUIMKiU9PSuttCEh4z_mwH8MxU-0B54.jxPnOLXHw19xmf2sGdm1dckVPSIsrY9p2QHh9N-X6Bc&dib_tag=se&keywords=guitar&qid=1714216630&sr=8-53
VAULT,Vault ST1 Premium Electric Guitar - White,"8,799","Monday, 29 April",In stock,https://www.amazon.in/Vault-ST1-Premium-Electric-Guitar/dp/B09GLYSJ8W/ref=sr_1_54?dib=eyJ2IjoiMSJ9.H_dE0w8OHcmESxseNpLSv0nvWr0JMhazIQ9MvjPhIkuhKueS755oeD551GNy1OU2BpJAkKdfM4cIvL3PNwh0ImV8Qx0NvGFNZWfUFLdJzA6gf0A2nfm5ROwrPEXKKYLYo5pjIuXbR3xRuMpXRX1nNjXPMUY9cHHaJa30BTGK4Bx9KDu_2zQSKyp-_sUqdBwZ3QIqfuEI8gXmQB2OcHs_OkoRbl83VidsEmXmqMXkau6Z3vEACKUQEU5sPVobJOWG0igyaA-CLvwrcUIMKiU9PSuttCEh4z_mwH8MxU-0B54.jxPnOLXHw19xmf2sGdm1dckVPSIsrY9p2QHh9N-X6Bc&dib_tag=se&keywords=guitar&qid=1714216630&sr=8-54
JUAREZ,"Juârez Acoustic Guitar, 38 Inch Cutaway, JRZ38CT, Hippie Funky Design, with Bag, Picks, Strap & Extra String set","2,599","Monday, 29 April",In stock,https://www.amazon.in/Juarez-Acoustic-Guitar-Cutaway-JRZ38CT/dp/B01N3TTYJQ/ref=sr_1_55?dib=eyJ2IjoiMSJ9.H_dE0w8OHcmESxseNpLSv0nvWr0JMhazIQ9MvjPhIkuhKueS755oeD551GNy1OU2BpJAkKdfM4cIvL3PNwh0ImV8Qx0NvGFNZWfUFLdJzA6gf0A2nfm5ROwrPEXKKYLYo5pjIuXbR3xRuMpXRX1nNjXPMUY9cHHaJa30BTGK4Bx9KDu_2zQSKyp-_sUqdBwZ3QIqfuEI8gXmQB2OcHs_OkoRbl83VidsEmXmqMXkau6Z3vEACKUQEU5sPVobJOWG0igyaA-CLvwrcUIMKiU9PSuttCEh4z_mwH8MxU-0B54.jxPnOLXHw19xmf2sGdm1dckVPSIsrY9p2QHh9N-X6Bc&dib_tag=se&keywords=guitar&qid=1714216630&sr=8-55
Washburn,"Washburn Bella Tono 6 String Acoustic-Electric Guitar, Right, Gloss Charcoal Burst (Bts9Vcech-D) - Spruce","27,990","Friday, 3 May",In stock,https://www.amazon.in/Washburn-String-Acoustic-Electric-Guitar-BTS9VCECH-D/dp/B07TJXQ1TL/ref=sr_1_56?dib=eyJ2IjoiMSJ9.H_dE0w8OHcmESxseNpLSv0nvWr0JMhazIQ9MvjPhIkuhKueS755oeD551GNy1OU2BpJAkKdfM4cIvL3PNwh0ImV8Qx0NvGFNZWfUFLdJzA6gf0A2nfm5ROwrPEXKKYLYo5pjIuXbR3xRuMpXRX1nNjXPMUY9cHHaJa30BTGK4Bx9KDu_2zQSKyp-_sUqdBwZ3QIqfuEI8gXmQB2OcHs_OkoRbl83VidsEmXmqMXkau6Z3vEACKUQEU5sPVobJOWG0igyaA-CLvwrcUIMKiU9PSuttCEh4z_mwH8MxU-0B54.jxPnOLXHw19xmf2sGdm1dckVPSIsrY9p2QHh9N-X6Bc&dib_tag=se&keywords=guitar&qid=1714216630&sr=8-56
Black,SG Musical - Guitar Floor Stand Foldable and Anti-Slip Guitar Metal Stand for All Guitar Acoustic Classic Electric Bass Travel Guitar Stand Guitar Accessories A-Frame Stand for Guitar,549,"Saturday, 4 May",In stock,https://www.amazon.in/sspa/click?ie=UTF8&spc=MTo0NzQxMDQyOTM1NzkxMTc6MTcxNDIxNjYzMDpzcF9idGY6MzAwMTUxNDU0OTE4OTMyOjowOjo&url=%2FSG-Musical-Anti-Slip-Accessories-Frame%2Fdp%2FB0BG5HYYQL%2Fref%3Dsr_1_57_sspa%3Fdib%3DeyJ2IjoiMSJ9.H_dE0w8OHcmESxseNpLSv0nvWr0JMhazIQ9MvjPhIkuhKueS755oeD551GNy1OU2BpJAkKdfM4cIvL3PNwh0ImV8Qx0NvGFNZWfUFLdJzA6gf0A2nfm5ROwrPEXKKYLYo5pjIuXbR3xRuMpXRX1nNjXPMUY9cHHaJa30BTGK4Bx9KDu_2zQSKyp-_sUqdBwZ3QIqfuEI8gXmQB2OcHs_OkoRbl83VidsEmXmqMXkau6Z3vEACKUQEU5sPVobJOWG0igyaA-CLvwrcUIMKiU9PSuttCEh4z_mwH8MxU-0B54.jxPnOLXHw19xmf2sGdm1dckVPSIsrY9p2QHh9N-X6Bc%26dib_tag%3Dse%26keywords%3Dguitar%26qid%3D1714216630%26sr%3D8-57-spons%26sp_csd%3Dd2lkZ2V0TmFtZT1zcF9idGY%26psc%3D1
-,"Guitar Tailpiece, Guitars Bridge Tailpiece Alloy for Replacement (Gold)","1,399","Thursday, 2 May",In stock,https://www.amazon.in/sspa/click?ie=UTF8&spc=MTo0NzQxMDQyOTM1NzkxMTc6MTcxNDIxNjYzMDpzcF9idGY6MzAwMTMyNzE0NTk5ODMyOjowOjo&url=%2FGuitar-Tailpiece-Guitars-Bridge-Replacement%2Fdp%2FB0BWYSZW1Y%2Fref%3Dsr_1_58_sspa%3Fdib%3DeyJ2IjoiMSJ9.H_dE0w8OHcmESxseNpLSv0nvWr0JMhazIQ9MvjPhIkuhKueS755oeD551GNy1OU2BpJAkKdfM4cIvL3PNwh0ImV8Qx0NvGFNZWfUFLdJzA6gf0A2nfm5ROwrPEXKKYLYo5pjIuXbR3xRuMpXRX1nNjXPMUY9cHHaJa30BTGK4Bx9KDu_2zQSKyp-_sUqdBwZ3QIqfuEI8gXmQB2OcHs_OkoRbl83VidsEmXmqMXkau6Z3vEACKUQEU5sPVobJOWG0igyaA-CLvwrcUIMKiU9PSuttCEh4z_mwH8MxU-0B54.jxPnOLXHw19xmf2sGdm1dckVPSIsrY9p2QHh9N-X6Bc%26dib_tag%3Dse%26keywords%3Dguitar%26qid%3D1714216630%26sr%3D8-58-spons%26sp_csd%3Dd2lkZ2V0TmFtZT1zcF9idGY%26psc%3D1
Black,SG Musical - Metal Guitar Stand - Universal Guitar Floor Stand,599,"Saturday, 4 May",In stock,https://www.amazon.in/sspa/click?ie=UTF8&spc=MTo0NzQxMDQyOTM1NzkxMTc6MTcxNDIxNjYzMDpzcF9idGY6MzAwMTUxNDU0OTE4ODMyOjowOjo&url=%2FSG-Musical-Metal-Guitar-Universal%2Fdp%2FB0BG5M472T%2Fref%3Dsr_1_59_sspa%3Fdib%3DeyJ2IjoiMSJ9.H_dE0w8OHcmESxseNpLSv0nvWr0JMhazIQ9MvjPhIkuhKueS755oeD551GNy1OU2BpJAkKdfM4cIvL3PNwh0ImV8Qx0NvGFNZWfUFLdJzA6gf0A2nfm5ROwrPEXKKYLYo5pjIuXbR3xRuMpXRX1nNjXPMUY9cHHaJa30BTGK4Bx9KDu_2zQSKyp-_sUqdBwZ3QIqfuEI8gXmQB2OcHs_OkoRbl83VidsEmXmqMXkau6Z3vEACKUQEU5sPVobJOWG0igyaA-CLvwrcUIMKiU9PSuttCEh4z_mwH8MxU-0B54.jxPnOLXHw19xmf2sGdm1dckVPSIsrY9p2QHh9N-X6Bc%26dib_tag%3Dse%26keywords%3Dguitar%26qid%3D1714216630%26sr%3D8-59-spons%26sp_csd%3Dd2lkZ2V0TmFtZT1zcF9idGY%26psc%3D1
-,"SG Musical - Guitar Belt, Rubber Guitar Pick Holder, 4 picks, 4 silicon fingers",319,"Saturday, 4 May",In stock,https://www.amazon.in/sspa/click?ie=UTF8&spc=MTo0NzQxMDQyOTM1NzkxMTc6MTcxNDIxNjYzMDpzcF9idGY6MzAwMTQ1NzQ2NTcxNDMyOjowOjo&url=%2FSG-Musical-Guitar-silicon-fingers%2Fdp%2FB0BD4B826N%2Fref%3Dsr_1_60_sspa%3Fdib%3DeyJ2IjoiMSJ9.H_dE0w8OHcmESxseNpLSv0nvWr0JMhazIQ9MvjPhIkuhKueS755oeD551GNy1OU2BpJAkKdfM4cIvL3PNwh0ImV8Qx0NvGFNZWfUFLdJzA6gf0A2nfm5ROwrPEXKKYLYo5pjIuXbR3xRuMpXRX1nNjXPMUY9cHHaJa30BTGK4Bx9KDu_2zQSKyp-_sUqdBwZ3QIqfuEI8gXmQB2OcHs_OkoRbl83VidsEmXmqMXkau6Z3vEACKUQEU5sPVobJOWG0igyaA-CLvwrcUIMKiU9PSuttCEh4z_mwH8MxU-0B54.jxPnOLXHw19xmf2sGdm1dckVPSIsrY9p2QHh9N-X6Bc%26dib_tag%3Dse%26keywords%3Dguitar%26qid%3D1714216630%26sr%3D8-60-spons%26sp_csd%3Dd2lkZ2V0TmFtZT1zcF9idGY%26psc%3D1
-,"Inrali Guitar String Winder and Cutter,Guitar Bridge Pin Puller,Guitar String Winder Cutter Pin Puller - 3 In 1 Multifunctional Guitar Maintenance Tool/String Peg Winder + String Cutter (Black)",289,"Wednesday, 1 May",In stock,https://aax-eu.amazon.in/x/c/RMRsryIG71zk5ydIOtbXquoAAAGPH0X52QMAAAH2AQBvbm9fdHhuX2JpZDMgICBvbm9fdHhuX2ltcDEgICDSmv0U/https://www.amazon.in/Inrali-Guitar-String-Winder-Cutter/dp/B08VWQ2SRB/ref=sxbs_sbv_search_btf?content-id=amzn1.sym.29651f77-3164-4105-8e83-b08340dd52f0%3Aamzn1.sym.29651f77-3164-4105-8e83-b08340dd52f0&cv_ct_cx=guitar&dib=eyJ2IjoiMSJ9.bECI8gwH2lwUSU7Ry8xMnQ.i09s93gW6pUDtvVGto-JAj-kau-MVjvL_U1ar32C6zs&dib_tag=se&keywords=guitar&pd_rd_i=B08VWQ2SRB&pd_rd_r=1b271042-915a-4a4a-8d30-e040047c8e3c&pd_rd_w=iKlAe&pd_rd_wg=pxN9H&pf_rd_p=29651f77-3164-4105-8e83-b08340dd52f0&pf_rd_r=PQJY9GFYHDD81HV3G1R6&qid=1714216630&sbo=RZvfv%2F%2FHxDF%2BO5021pAnSA%3D%3D&sr=1-1-25dedf61-9bde-4412-952b-c956ef4fc546
-,"Inrali Guitar String Winder and Cutter,Guitar Bridge Pin Puller,Guitar String Winder Cutter Pin Puller - 3 In 1 Multifunctional Guitar Maintenance Tool/String Peg Winder + String Cutter (Black)",289,"Wednesday, 1 May",In stock,https://aax-eu.amazon.in/x/c/RMRsryIG71zk5ydIOtbXquoAAAGPH0X52QMAAAH2AQBvbm9fdHhuX2JpZDMgICBvbm9fdHhuX2ltcDEgICDSmv0U/https://www.amazon.in/Inrali-Guitar-String-Winder-Cutter/dp/B08VWQ2SRB/ref=sxbs_sbv_search_btf?content-id=amzn1.sym.29651f77-3164-4105-8e83-b08340dd52f0%3Aamzn1.sym.29651f77-3164-4105-8e83-b08340dd52f0&cv_ct_cx=guitar&dib=eyJ2IjoiMSJ9.bECI8gwH2lwUSU7Ry8xMnQ.i09s93gW6pUDtvVGto-JAj-kau-MVjvL_U1ar32C6zs&dib_tag=se&keywords=guitar&pd_rd_i=B08VWQ2SRB&pd_rd_r=1b271042-915a-4a4a-8d30-e040047c8e3c&pd_rd_w=iKlAe&pd_rd_wg=pxN9H&pf_rd_p=29651f77-3164-4105-8e83-b08340dd52f0&pf_rd_r=PQJY9GFYHDD81HV3G1R6&qid=1714216630&sbo=RZvfv%2F%2FHxDF%2BO5021pAnSA%3D%3D&sr=1-1-25dedf61-9bde-4412-952b-c956ef4fc546
Henrix,"Henrix 38 Inches Bass Wood Acoustic Guitar With Die-CastTuners And Dual-Action Truss Rod - Includes Picks, Bag, Strings, Strap, Polishing Cloth And String Winder","3,099","Monday, 29 April",In stock,https://www.amazon.in/sspa/click?ie=UTF8&spc=MToyMTM4ODE0MDA2NjY0MTE3OjE3MTQyMTY5NDE6c3BfYXRmX25leHQ6MjAwODg0NjQyODg4MDQ6OjA6Og&url=%2FHenrix-Acoustic-Guitar-Die-cast-Dual-action%2Fdp%2FB07VHRWV4R%2Fref%3Dsr_1_49_sspa%3Fdib%3DeyJ2IjoiMSJ9.GrrSmXh55XkkAVT-xyoyzL6tnmMuWvknwoBFdnzo_cG398yIDn8XJdCwXhyuycqziJwO-wojwGdLsRj_b7hEEcSlVD9vrpZgnIFeugllusc6lwPbwEkzAXe8Xl5coRtmoabeV0YJnosSpktNlErHxEhDgVCXBvlxDfqBUFrhdZj6705j4PJZ2EN8AFuJtuCwpW4bm06dLVHFiqw-0XjouAFwliPnYs5KDdQX04Ei3vqtcIfx394wv3DwwxYbDWwEnq39MVpZ-XmXGtBgtxTFj6FcaHn0n1LC48fUx6IWCVI.lxIL9B5PoHaXspqHqLpXEhXJe-zzfE86qX94PsyxXDc%26dib_tag%3Dse%26keywords%3Dguitar%26qid%3D1714216941%26sr%3D8-49-spons%26sp_csd%3Dd2lkZ2V0TmFtZT1zcF9hdGZfbmV4dA%26psc%3D1
Kadence,"Kadence Guitar Slowhand Series Premium Electric Acoustic Mahogany body Demi Cutaway Jumbo Guitar 41” Combo with Heavy Padded Bag, Instrument cable, Pro Capo, Picks, and String Set (Mahogany SH03)","9,999","Monday, 29 April",In stock,https://www.amazon.in/sspa/click?ie=UTF8&spc=MToyMTM4ODE0MDA2NjY0MTE3OjE3MTQyMTY5NDE6c3BfYXRmX25leHQ6MjAwNjcxNDM0OTYyMDQ6OjA6Og&url=%2FKadence-Slowhand-Acoustic-Mahagony-Instrument%2Fdp%2FB077T7GXFV%2Fref%3Dsr_1_50_sspa%3Fdib%3DeyJ2IjoiMSJ9.GrrSmXh55XkkAVT-xyoyzL6tnmMuWvknwoBFdnzo_cG398yIDn8XJdCwXhyuycqziJwO-wojwGdLsRj_b7hEEcSlVD9vrpZgnIFeugllusc6lwPbwEkzAXe8Xl5coRtmoabeV0YJnosSpktNlErHxEhDgVCXBvlxDfqBUFrhdZj6705j4PJZ2EN8AFuJtuCwpW4bm06dLVHFiqw-0XjouAFwliPnYs5KDdQX04Ei3vqtcIfx394wv3DwwxYbDWwEnq39MVpZ-XmXGtBgtxTFj6FcaHn0n1LC48fUx6IWCVI.lxIL9B5PoHaXspqHqLpXEhXJe-zzfE86qX94PsyxXDc%26dib_tag%3Dse%26keywords%3Dguitar%26qid%3D1714216941%26sr%3D8-50-spons%26sp_csd%3Dd2lkZ2V0TmFtZT1zcF9hdGZfbmV4dA%26psc%3D1
Ibanez,"Ibanez MD39C-NT 39 Inches Spruce Wood Cutaway Acoustic Guitar With Gig-Bag, Polishing Cloth And E-Book Natural","8,499","Monday, 29 April",Only 2 left in stock.,https://www.amazon.in/sspa/click?ie=UTF8&spc=MToyMTM4ODE0MDA2NjY0MTE3OjE3MTQyMTY5NDE6c3BfYXRmX25leHQ6MzAwMTQ4NTQ4MjMxNjMyOjowOjo&url=%2FIbanez-MD39C-NT-Cutaway-Acoustic-Polishing%2Fdp%2FB084C1DGCV%2Fref%3Dsr_1_51_sspa%3Fdib%3DeyJ2IjoiMSJ9.GrrSmXh55XkkAVT-xyoyzL6tnmMuWvknwoBFdnzo_cG398yIDn8XJdCwXhyuycqziJwO-wojwGdLsRj_b7hEEcSlVD9vrpZgnIFeugllusc6lwPbwEkzAXe8Xl5coRtmoabeV0YJnosSpktNlErHxEhDgVCXBvlxDfqBUFrhdZj6705j4PJZ2EN8AFuJtuCwpW4bm06dLVHFiqw-0XjouAFwliPnYs5KDdQX04Ei3vqtcIfx394wv3DwwxYbDWwEnq39MVpZ-XmXGtBgtxTFj6FcaHn0n1LC48fUx6IWCVI.lxIL9B5PoHaXspqHqLpXEhXJe-zzfE86qX94PsyxXDc%26dib_tag%3Dse%26keywords%3Dguitar%26qid%3D1714216941%26sr%3D8-51-spons%26sp_csd%3Dd2lkZ2V0TmFtZT1zcF9hdGZfbmV4dA%26psc%3D1
-,"Guitar Kit Set Guitar Strings Changing Kit Guitar Tool Kit with 6 Strings, 6 Multicolored Picks, 1 Guitar Capo, 1 String Winder cutter, 1 Guitar Tuner for Acoustic Guitars",989,-,In stock,https://www.amazon.in/sspa/click?ie=UTF8&spc=MToyMTM4ODE0MDA2NjY0MTE3OjE3MTQyMTY5NDE6c3BfYXRmX25leHQ6MzAwMTM0NjY2Mzc0NjMyOjowOjo&url=%2FStrings-Changing-Multicolored-Acoustic-Guitars%2Fdp%2FB0C6FDW837%2Fref%3Dsr_1_52_sspa%3Fdib%3DeyJ2IjoiMSJ9.GrrSmXh55XkkAVT-xyoyzL6tnmMuWvknwoBFdnzo_cG398yIDn8XJdCwXhyuycqziJwO-wojwGdLsRj_b7hEEcSlVD9vrpZgnIFeugllusc6lwPbwEkzAXe8Xl5coRtmoabeV0YJnosSpktNlErHxEhDgVCXBvlxDfqBUFrhdZj6705j4PJZ2EN8AFuJtuCwpW4bm06dLVHFiqw-0XjouAFwliPnYs5KDdQX04Ei3vqtcIfx394wv3DwwxYbDWwEnq39MVpZ-XmXGtBgtxTFj6FcaHn0n1LC48fUx6IWCVI.lxIL9B5PoHaXspqHqLpXEhXJe-zzfE86qX94PsyxXDc%26dib_tag%3Dse%26keywords%3Dguitar%26qid%3D1714216941%26sr%3D8-52-spons%26sp_csd%3Dd2lkZ2V0TmFtZT1zcF9hdGZfbmV4dA%26psc%3D1
JUAREZ,"Juârez Acoustic Guitar, 38 Inch Cutaway, JRZ38CT, Hippie Funky Design, with Bag, Picks, Strap & Extra String set","2,599","Monday, 29 April",In stock,https://www.amazon.in/Juarez-Acoustic-Guitar-Cutaway-JRZ38CT/dp/B01N3TTYJQ/ref=sr_1_53?dib=eyJ2IjoiMSJ9.GrrSmXh55XkkAVT-xyoyzL6tnmMuWvknwoBFdnzo_cG398yIDn8XJdCwXhyuycqziJwO-wojwGdLsRj_b7hEEcSlVD9vrpZgnIFeugllusc6lwPbwEkzAXe8Xl5coRtmoabeV0YJnosSpktNlErHxEhDgVCXBvlxDfqBUFrhdZj6705j4PJZ2EN8AFuJtuCwpW4bm06dLVHFiqw-0XjouAFwliPnYs5KDdQX04Ei3vqtcIfx394wv3DwwxYbDWwEnq39MVpZ-XmXGtBgtxTFj6FcaHn0n1LC48fUx6IWCVI.lxIL9B5PoHaXspqHqLpXEhXJe-zzfE86qX94PsyxXDc&dib_tag=se&keywords=guitar&qid=1714216941&sr=8-53
JUAREZ,"JUAREZ Arpeggio 99.06 cm (39 Inch) Acoustic Guitar Kit, Spruce Top, Rosewood Fretboard & Bridge, Truss Rod, Chrome Die Cast Machine Tuners, Black","6,219","Monday, 29 April",In stock,https://www.amazon.in/JUAREZ-Arpeggio-Acoustic-Rosewood-Fretboard/dp/B08LBHB547/ref=sr_1_54?dib=eyJ2IjoiMSJ9.GrrSmXh55XkkAVT-xyoyzL6tnmMuWvknwoBFdnzo_cG398yIDn8XJdCwXhyuycqziJwO-wojwGdLsRj_b7hEEcSlVD9vrpZgnIFeugllusc6lwPbwEkzAXe8Xl5coRtmoabeV0YJnosSpktNlErHxEhDgVCXBvlxDfqBUFrhdZj6705j4PJZ2EN8AFuJtuCwpW4bm06dLVHFiqw-0XjouAFwliPnYs5KDdQX04Ei3vqtcIfx394wv3DwwxYbDWwEnq39MVpZ-XmXGtBgtxTFj6FcaHn0n1LC48fUx6IWCVI.lxIL9B5PoHaXspqHqLpXEhXJe-zzfE86qX94PsyxXDc&dib_tag=se&keywords=guitar&qid=1714216941&sr=8-54
Henrix,"Henrix 40C PRO 40-Inch Cutaway Acoustic Guitar with Dual Action Truss Rod, Gigbag, Picks, String Set, Strap, Polishing Cloth & Ebook","3,999","Monday, 29 April",In stock,https://www.amazon.in/sspa/click?ie=UTF8&spc=MTo2ODg5MzA0ODUxMDc0MTE3OjE3MTQyMTY5ODc6c3BfYXRmX25leHQ6MjAwNTYxMzMxOTQ2OTg6OjA6Og&url=%2FHenrix-40-Inch-Cutaway-Acoustic-Guitar%2Fdp%2FB0B46LLJRR%2Fref%3Dsr_1_97_sspa%3Fdib%3DeyJ2IjoiMSJ9.7-Jr8KO89_pX71_Tv8eNsiDYzwqx_jzpkZgp8PPOx61SJnxfEla6aGyJw3nMk9yvJv8SlQ7SZBVqfYcChhvcMWogLwL0wDjeIaU6WMPvprpj8YAfQTmJ6ejj4P4q9KjixOHeDCFRAdNNQyVyKnzdLvqnwSNRPzUmm8DxddLYrMq4UFnWVOEFyFRjBkfbpFyMfi3an4qUC7N2y53MTtKLxKwGMD7QV031WTYo8U3dyfFiPsYk1sN9oIgLZGn07XlRPgXRbB6xf05spYtj8E6rRJ9UaroLuw_pvuSEI_dqu0I.KQhTWWuZHsVWmcLyOkbmOiTquLKMEo9btpSW2Y_R_3w%26dib_tag%3Dse%26keywords%3Dguitar%26qid%3D1714216987%26sr%3D8-97-spons%26sp_csd%3Dd2lkZ2V0TmFtZT1zcF9hdGZfbmV4dA%26psc%3D1
Kadence,"Kadence A281 Professional Acoustic Rosewood guitar (Natural, Beige)","5,999","Thursday, 2 May",In stock,https://www.amazon.in/sspa/click?ie=UTF8&spc=MTo2ODg5MzA0ODUxMDc0MTE3OjE3MTQyMTY5ODc6c3BfYXRmX25leHQ6MzAwMDM0NzczOTgwNTMyOjowOjo&url=%2FKadence-Professional-Acoustic-Rosewood-Natural%2Fdp%2FB0CC927DLN%2Fref%3Dsr_1_98_sspa%3Fdib%3DeyJ2IjoiMSJ9.7-Jr8KO89_pX71_Tv8eNsiDYzwqx_jzpkZgp8PPOx61SJnxfEla6aGyJw3nMk9yvJv8SlQ7SZBVqfYcChhvcMWogLwL0wDjeIaU6WMPvprpj8YAfQTmJ6ejj4P4q9KjixOHeDCFRAdNNQyVyKnzdLvqnwSNRPzUmm8DxddLYrMq4UFnWVOEFyFRjBkfbpFyMfi3an4qUC7N2y53MTtKLxKwGMD7QV031WTYo8U3dyfFiPsYk1sN9oIgLZGn07XlRPgXRbB6xf05spYtj8E6rRJ9UaroLuw_pvuSEI_dqu0I.KQhTWWuZHsVWmcLyOkbmOiTquLKMEo9btpSW2Y_R_3w%26dib_tag%3Dse%26keywords%3Dguitar%26qid%3D1714216987%26sr%3D8-98-spons%26sp_csd%3Dd2lkZ2V0TmFtZT1zcF9hdGZfbmV4dA%26psc%3D1
Pine Wood,AmericanElm Wooden Guitar Shape for Crafts and Decoration - Laser Cut - Guitar Decor - Miniature Guitar,189,"Saturday, 4 May",In stock,https://www.amazon.in/sspa/click?ie=UTF8&spc=MTo2ODg5MzA0ODUxMDc0MTE3OjE3MTQyMTY5ODc6c3BfYXRmX25leHQ6MzAwMDUxNDE4NzY4ODMyOjowOjo&url=%2FAmericanElm-Wooden-Guitar-Crafts-Decoration%2Fdp%2FB09BR4MKB8%2Fref%3Dsr_1_99_sspa%3Fdib%3DeyJ2IjoiMSJ9.7-Jr8KO89_pX71_Tv8eNsiDYzwqx_jzpkZgp8PPOx61SJnxfEla6aGyJw3nMk9yvJv8SlQ7SZBVqfYcChhvcMWogLwL0wDjeIaU6WMPvprpj8YAfQTmJ6ejj4P4q9KjixOHeDCFRAdNNQyVyKnzdLvqnwSNRPzUmm8DxddLYrMq4UFnWVOEFyFRjBkfbpFyMfi3an4qUC7N2y53MTtKLxKwGMD7QV031WTYo8U3dyfFiPsYk1sN9oIgLZGn07XlRPgXRbB6xf05spYtj8E6rRJ9UaroLuw_pvuSEI_dqu0I.KQhTWWuZHsVWmcLyOkbmOiTquLKMEo9btpSW2Y_R_3w%26dib_tag%3Dse%26keywords%3Dguitar%26qid%3D1714216987%26sr%3D8-99-spons%26sp_csd%3Dd2lkZ2V0TmFtZT1zcF9hdGZfbmV4dA%26psc%3D1
blueberry,"BLUEBERRY B40L, Acoustic Guitar Kit Inbuilt Truss Rod with Bag, Strap, One Pack Strings And Picks - 40 Inch (Classic Maroon)","4,590","Wednesday, 1 May",In stock,https://www.amazon.in/Blueberry-Acoustic-Inbuilt-Strings-Classic/dp/B09VLF8B8G/ref=sr_1_100?dib=eyJ2IjoiMSJ9.7-Jr8KO89_pX71_Tv8eNsiDYzwqx_jzpkZgp8PPOx61SJnxfEla6aGyJw3nMk9yvJv8SlQ7SZBVqfYcChhvcMWogLwL0wDjeIaU6WMPvprpj8YAfQTmJ6ejj4P4q9KjixOHeDCFRAdNNQyVyKnzdLvqnwSNRPzUmm8DxddLYrMq4UFnWVOEFyFRjBkfbpFyMfi3an4qUC7N2y53MTtKLxKwGMD7QV031WTYo8U3dyfFiPsYk1sN9oIgLZGn07XlRPgXRbB6xf05spYtj8E6rRJ9UaroLuw_pvuSEI_dqu0I.KQhTWWuZHsVWmcLyOkbmOiTquLKMEo9btpSW2Y_R_3w&dib_tag=se&keywords=guitar&qid=1714216987&sr=8-100
VAULT,Vault CL-40 4/4 size Premium Solid Spruce-Top Classical Guitar with Gig-Bag,"7,499","Monday, 29 April",In stock,https://www.amazon.in/CL-40-Premium-Spruce-Top-Classical-Guitar/dp/B097N8VSVZ/ref=sr_1_101?dib=eyJ2IjoiMSJ9.7-Jr8KO89_pX71_Tv8eNsiDYzwqx_jzpkZgp8PPOx61SJnxfEla6aGyJw3nMk9yvJv8SlQ7SZBVqfYcChhvcMWogLwL0wDjeIaU6WMPvprpj8YAfQTmJ6ejj4P4q9KjixOHeDCFRAdNNQyVyKnzdLvqnwSNRPzUmm8DxddLYrMq4UFnWVOEFyFRjBkfbpFyMfi3an4qUC7N2y53MTtKLxKwGMD7QV031WTYo8U3dyfFiPsYk1sN9oIgLZGn07XlRPgXRbB6xf05spYtj8E6rRJ9UaroLuw_pvuSEI_dqu0I.KQhTWWuZHsVWmcLyOkbmOiTquLKMEo9btpSW2Y_R_3w&dib_tag=se&keywords=guitar&qid=1714216987&sr=8-101
D Pluse,D Pluse Classical Series Mini Guitar Toy- Portable 4-String Guitar Excellent Musical Instrument Toy & Gift for Kids Children Mini Guitar Toy (17Inch Pack of 1),429,"Thursday, 2 May",In stock,https://www.amazon.in/Pluse-Classical-Portable-Excellent-Instrument/dp/B0C8B1XZ94/ref=sr_1_102?dib=eyJ2IjoiMSJ9.7-Jr8KO89_pX71_Tv8eNsiDYzwqx_jzpkZgp8PPOx61SJnxfEla6aGyJw3nMk9yvJv8SlQ7SZBVqfYcChhvcMWogLwL0wDjeIaU6WMPvprpj8YAfQTmJ6ejj4P4q9KjixOHeDCFRAdNNQyVyKnzdLvqnwSNRPzUmm8DxddLYrMq4UFnWVOEFyFRjBkfbpFyMfi3an4qUC7N2y53MTtKLxKwGMD7QV031WTYo8U3dyfFiPsYk1sN9oIgLZGn07XlRPgXRbB6xf05spYtj8E6rRJ9UaroLuw_pvuSEI_dqu0I.KQhTWWuZHsVWmcLyOkbmOiTquLKMEo9btpSW2Y_R_3w&dib_tag=se&keywords=guitar&qid=1714216987&sr=8-102
Intern,"INTERN Cutaway Design Acoustic Guitar Pack -Humidity Proof body, Bend resistance, Durable Action, Natural tone & bright resonance. Blue Carbon Fibre/Fiber Guitar with Bag, Strap, Strings set, Picks","2,699","Monday, 29 April",In stock,https://www.amazon.in/Cutaway-Acoustic-Humidity-resistance-resonance/dp/B09RRH7R5F/ref=sr_1_103?dib=eyJ2IjoiMSJ9.7-Jr8KO89_pX71_Tv8eNsiDYzwqx_jzpkZgp8PPOx61SJnxfEla6aGyJw3nMk9yvJv8SlQ7SZBVqfYcChhvcMWogLwL0wDjeIaU6WMPvprpj8YAfQTmJ6ejj4P4q9KjixOHeDCFRAdNNQyVyKnzdLvqnwSNRPzUmm8DxddLYrMq4UFnWVOEFyFRjBkfbpFyMfi3an4qUC7N2y53MTtKLxKwGMD7QV031WTYo8U3dyfFiPsYk1sN9oIgLZGn07XlRPgXRbB6xf05spYtj8E6rRJ9UaroLuw_pvuSEI_dqu0I.KQhTWWuZHsVWmcLyOkbmOiTquLKMEo9btpSW2Y_R_3w&dib_tag=se&keywords=guitar&qid=1714216987&sr=8-103
